channel_url,channel_name,subscribers_count,post_url,id,title,description,views,date_time,audio_caption,terabox_link_1,terabox_link_2,terabox_link_3,terabox_link_4,terabox_link_5,telegram_link_1,telegram_link_2,telegram_link_3
https://t.me/c/3059600439,7.10.25,20,https://t.me/c/3059600439/1542,1542,**Uma.Kaali.Aag.Aur.Paani.S1.E136.A.Sage.to.Perform.a.Ritual.at.Jagriti.s.Wedding.1080p.****#ZEE5****.WEB-DL.****#Hindi****.AAC2.0.H.264.****@IncognitoTelevision****.mp4,"**Uma.Kaali.Aag.Aur.Paani.S1.E136.A.Sage.to.Perform.a.Ritual.at.Jagriti.s.Wedding.1080p.****#ZEE5****.WEB-DL.****#Hindi****.AAC2.0.H.264.****@IncognitoTelevision****.mp4

⚡️ Join & Share ****@IncognitoTelevision**** Now ⚡️**",4,2025-10-15 10:23:11,No audio,-,-,-,-,-,-,-,-
https://t.me/c/3059600439,7.10.25,20,https://t.me/c/3059600439/1541,1541,**Uma.Kaali.Aag.Aur.Paani.S1.E136.A.Sage.to.Perform.a.Ritual.at.Jagriti.s.Wedding.720p.****#ZEE5****.WEB-DL.****#Hindi****.AAC2.0.H.264.****@IncognitoTelevision****.mp4,"**Uma.Kaali.Aag.Aur.Paani.S1.E136.A.Sage.to.Perform.a.Ritual.at.Jagriti.s.Wedding.720p.****#ZEE5****.WEB-DL.****#Hindi****.AAC2.0.H.264.****@IncognitoTelevision****.mp4

⚡️ Join & Share ****@IncognitoTelevision**** Now ⚡️**",4,2025-10-15 10:22:03,No audio,-,-,-,-,-,-,-,-
https://t.me/c/3059600439,7.10.25,20,https://t.me/c/3059600439/1540,1540,**Uma.Kaali.Aag.Aur.Paani.S1.E136.A.Sage.to.Perform.a.Ritual.at.Jagriti.s.Wedding.480p.****#ZEE5****.WEB-DL.****#Hindi****.AAC2.0.H.264.****@IncognitoTelevision****.mp4,"**Uma.Kaali.Aag.Aur.Paani.S1.E136.A.Sage.to.Perform.a.Ritual.at.Jagriti.s.Wedding.480p.****#ZEE5****.WEB-DL.****#Hindi****.AAC2.0.H.264.****@IncognitoTelevision****.mp4

⚡️ Join & Share ****@IncognitoTelevision**** Now ⚡️**",3,2025-10-15 10:21:44,No audio,-,-,-,-,-,-,-,-
https://t.me/c/3059600439,7.10.25,20,https://t.me/c/3059600439/1539,1539,**Uma.Kaali.Aag.Aur.Paani.S1.E136.A.Sage.to.Perform.a.Ritual.at.Jagriti.s.Wedding.360p.****#ZEE5****.WEB-DL.****#Hindi****.AAC2.0.H.264.****@IncognitoTelevision****.mp4,"**Uma.Kaali.Aag.Aur.Paani.S1.E136.A.Sage.to.Perform.a.Ritual.at.Jagriti.s.Wedding.360p.****#ZEE5****.WEB-DL.****#Hindi****.AAC2.0.H.264.****@IncognitoTelevision****.mp4

⚡️ Join & Share ****@IncognitoTelevision**** Now ⚡️**",3,2025-10-15 10:21:36,No audio,-,-,-,-,-,-,-,-
https://t.me/c/3059600439,7.10.25,20,https://t.me/c/3059600439/1538,1538,**Uma.Kaali.Aag.Aur.Paani.S1.E136.A.Sage.to.Perform.a.Ritual.at.Jagriti.s.Wedding.240p.****#ZEE5****.WEB-DL.****#Hindi****.AAC2.0.H.264.****@IncognitoTelevision****.mp4,"**Uma.Kaali.Aag.Aur.Paani.S1.E136.A.Sage.to.Perform.a.Ritual.at.Jagriti.s.Wedding.240p.****#ZEE5****.WEB-DL.****#Hindi****.AAC2.0.H.264.****@IncognitoTelevision****.mp4

⚡️ Join & Share ****@IncognitoTelevision**** Now ⚡️**",2,2025-10-15 10:21:20,No audio,-,-,-,-,-,-,-,-
https://t.me/c/3059600439,7.10.25,20,https://t.me/c/3059600439/1537,1537,**Bahu.No.1.S1.E164.Kamini.Grows.Suspicious.of.Saraswati.1080p.****#ZEE5****.WEB-DL.****#Hindi****.AAC2.0.H.264.****@IncognitoTelevision****.mp4,"**Bahu.No.1.S1.E164.Kamini.Grows.Suspicious.of.Saraswati.1080p.****#ZEE5****.WEB-DL.****#Hindi****.AAC2.0.H.264.****@IncognitoTelevision****.mp4

⚡️ Join & Share ****@IncognitoTelevision**** Now ⚡️**",2,2025-10-15 08:22:15,No audio,-,-,-,-,-,-,-,-
https://t.me/c/3059600439,7.10.25,20,https://t.me/c/3059600439/1536,1536,**Bahu.No.1.S1.E164.Kamini.Grows.Suspicious.of.Saraswati.720p.****#ZEE5****.WEB-DL.****#Hindi****.AAC2.0.H.264.****@IncognitoTelevision****.mp4,"**Bahu.No.1.S1.E164.Kamini.Grows.Suspicious.of.Saraswati.720p.****#ZEE5****.WEB-DL.****#Hindi****.AAC2.0.H.264.****@IncognitoTelevision****.mp4

⚡️ Join & Share ****@IncognitoTelevision**** Now ⚡️**",3,2025-10-15 08:21:42,No audio,-,-,-,-,-,-,-,-
https://t.me/c/3059600439,7.10.25,20,https://t.me/c/3059600439/1535,1535,**Bahu.No.1.S1.E164.Kamini.Grows.Suspicious.of.Saraswati.480p.****#ZEE5****.WEB-DL.****#Hindi****.AAC2.0.H.264.****@IncognitoTelevision****.mp4,"**Bahu.No.1.S1.E164.Kamini.Grows.Suspicious.of.Saraswati.480p.****#ZEE5****.WEB-DL.****#Hindi****.AAC2.0.H.264.****@IncognitoTelevision****.mp4

⚡️ Join & Share ****@IncognitoTelevision**** Now ⚡️**",3,2025-10-15 08:21:38,No audio,-,-,-,-,-,-,-,-
https://t.me/c/3059600439,7.10.25,20,https://t.me/c/3059600439/1534,1534,**Bahu.No.1.S1.E163.Arun.s.Attempt.to.Bring.Rahul.and.Saraswati.Closer.1080p.****#ZEE5****.WEB-DL.****#Hindi****.AAC2.0.H.264.****@IncognitoTelevision****.mp4,"**Bahu.No.1.S1.E163.Arun.s.Attempt.to.Bring.Rahul.and.Saraswati.Closer.1080p.****#ZEE5****.WEB-DL.****#Hindi****.AAC2.0.H.264.****@IncognitoTelevision****.mp4

⚡️ Join & Share ****@IncognitoTelevision**** Now ⚡️**",3,2025-10-15 08:21:37,No audio,-,-,-,-,-,-,-,-
https://t.me/c/3059600439,7.10.25,20,https://t.me/c/3059600439/1533,1533,**Bahu.No.1.S1.E164.Kamini.Grows.Suspicious.of.Saraswati.360p.****#ZEE5****.WEB-DL.****#Hindi****.AAC2.0.H.264.****@IncognitoTelevision****.mp4,"**Bahu.No.1.S1.E164.Kamini.Grows.Suspicious.of.Saraswati.360p.****#ZEE5****.WEB-DL.****#Hindi****.AAC2.0.H.264.****@IncognitoTelevision****.mp4

⚡️ Join & Share ****@IncognitoTelevision**** Now ⚡️**",3,2025-10-15 08:21:34,No audio,-,-,-,-,-,-,-,-
https://t.me/c/3059600439,7.10.25,20,https://t.me/c/3059600439/1532,1532,**Bahu.No.1.S1.E164.Kamini.Grows.Suspicious.of.Saraswati.240p.****#ZEE5****.WEB-DL.****#Hindi****.AAC2.0.H.264.****@IncognitoTelevision****.mp4,"**Bahu.No.1.S1.E164.Kamini.Grows.Suspicious.of.Saraswati.240p.****#ZEE5****.WEB-DL.****#Hindi****.AAC2.0.H.264.****@IncognitoTelevision****.mp4

⚡️ Join & Share ****@IncognitoTelevision**** Now ⚡️**",2,2025-10-15 08:21:32,No audio,-,-,-,-,-,-,-,-
https://t.me/c/3059600439,7.10.25,20,https://t.me/c/3059600439/1531,1531,**Bahu.No.1.S1.E163.Arun.s.Attempt.to.Bring.Rahul.and.Saraswati.Closer.720p.****#ZEE5****.WEB-DL.****#Hindi****.AAC2.0.H.264.****@IncognitoTelevision****.mp4,"**Bahu.No.1.S1.E163.Arun.s.Attempt.to.Bring.Rahul.and.Saraswati.Closer.720p.****#ZEE5****.WEB-DL.****#Hindi****.AAC2.0.H.264.****@IncognitoTelevision****.mp4

⚡️ Join & Share ****@IncognitoTelevision**** Now ⚡️**",2,2025-10-15 08:20:20,No audio,-,-,-,-,-,-,-,-
https://t.me/c/3059600439,7.10.25,20,https://t.me/c/3059600439/1530,1530,**Bahu.No.1.S1.E163.Arun.s.Attempt.to.Bring.Rahul.and.Saraswati.Closer.480p.****#ZEE5****.WEB-DL.****#Hindi****.AAC2.0.H.264.****@IncognitoTelevision****.mp4,"**Bahu.No.1.S1.E163.Arun.s.Attempt.to.Bring.Rahul.and.Saraswati.Closer.480p.****#ZEE5****.WEB-DL.****#Hindi****.AAC2.0.H.264.****@IncognitoTelevision****.mp4

⚡️ Join & Share ****@IncognitoTelevision**** Now ⚡️**",3,2025-10-15 08:19:57,No audio,-,-,-,-,-,-,-,-
https://t.me/c/3059600439,7.10.25,20,https://t.me/c/3059600439/1529,1529,**Bahu.No.1.S1.E163.Arun.s.Attempt.to.Bring.Rahul.and.Saraswati.Closer.360p.****#ZEE5****.WEB-DL.****#Hindi****.AAC2.0.H.264.****@IncognitoTelevision****.mp4,"**Bahu.No.1.S1.E163.Arun.s.Attempt.to.Bring.Rahul.and.Saraswati.Closer.360p.****#ZEE5****.WEB-DL.****#Hindi****.AAC2.0.H.264.****@IncognitoTelevision****.mp4

⚡️ Join & Share ****@IncognitoTelevision**** Now ⚡️**",3,2025-10-15 08:19:50,No audio,-,-,-,-,-,-,-,-
https://t.me/c/3059600439,7.10.25,20,https://t.me/c/3059600439/1528,1528,**Bahu.No.1.S1.E163.Arun.s.Attempt.to.Bring.Rahul.and.Saraswati.Closer.240p.****#ZEE5****.WEB-DL.****#Hindi****.AAC2.0.H.264.****@IncognitoTelevision****.mp4,"**Bahu.No.1.S1.E163.Arun.s.Attempt.to.Bring.Rahul.and.Saraswati.Closer.240p.****#ZEE5****.WEB-DL.****#Hindi****.AAC2.0.H.264.****@IncognitoTelevision****.mp4

⚡️ Join & Share ****@IncognitoTelevision**** Now ⚡️**",3,2025-10-15 08:19:46,No audio,-,-,-,-,-,-,-,-
https://t.me/c/3059600439,7.10.25,20,https://t.me/c/3059600439/1527,1527,**Parvati.Umeed.Zindagi.Ki.S1.E387.Parvati.Umeed.Zindagi.Ki.October.15.2025.1080p.****#ZEE5****.WEB-DL.****#Hindi****.AAC2.0.H.264.****@IncognitoTelevision****.mp4,"**Parvati.Umeed.Zindagi.Ki.S1.E387.Parvati.Umeed.Zindagi.Ki.October.15.2025.1080p.****#ZEE5****.WEB-DL.****#Hindi****.AAC2.0.H.264.****@IncognitoTelevision****.mp4

⚡️ Join & Share ****@IncognitoTelevision**** Now ⚡️**",4,2025-10-15 07:22:21,No audio,-,-,-,-,-,-,-,-
https://t.me/c/3059600439,7.10.25,20,https://t.me/c/3059600439/1526,1526,**Parvati.Umeed.Zindagi.Ki.S1.E386.Parvati.Umeed.Zindagi.Ki.October.15.2025.1080p.****#ZEE5****.WEB-DL.****#Hindi****.AAC2.0.H.264.****@IncognitoTelevision****.mp4,"**Parvati.Umeed.Zindagi.Ki.S1.E386.Parvati.Umeed.Zindagi.Ki.October.15.2025.1080p.****#ZEE5****.WEB-DL.****#Hindi****.AAC2.0.H.264.****@IncognitoTelevision****.mp4

⚡️ Join & Share ****@IncognitoTelevision**** Now ⚡️**",4,2025-10-15 07:21:42,No audio,-,-,-,-,-,-,-,-
https://t.me/c/3059600439,7.10.25,20,https://t.me/c/3059600439/1525,1525,**Parvati.Umeed.Zindagi.Ki.S1.E387.Parvati.Umeed.Zindagi.Ki.October.15.2025.720p.****#ZEE5****.WEB-DL.****#Hindi****.AAC2.0.H.264.****@IncognitoTelevision****.mp4,"**Parvati.Umeed.Zindagi.Ki.S1.E387.Parvati.Umeed.Zindagi.Ki.October.15.2025.720p.****#ZEE5****.WEB-DL.****#Hindi****.AAC2.0.H.264.****@IncognitoTelevision****.mp4

⚡️ Join & Share ****@IncognitoTelevision**** Now ⚡️**",4,2025-10-15 07:21:41,No audio,-,-,-,-,-,-,-,-
https://t.me/c/3059600439,7.10.25,20,https://t.me/c/3059600439/1524,1524,**Parvati.Umeed.Zindagi.Ki.S1.E387.Parvati.Umeed.Zindagi.Ki.October.15.2025.480p.****#ZEE5****.WEB-DL.****#Hindi****.AAC2.0.H.264.****@IncognitoTelevision****.mp4,"**Parvati.Umeed.Zindagi.Ki.S1.E387.Parvati.Umeed.Zindagi.Ki.October.15.2025.480p.****#ZEE5****.WEB-DL.****#Hindi****.AAC2.0.H.264.****@IncognitoTelevision****.mp4

⚡️ Join & Share ****@IncognitoTelevision**** Now ⚡️**",3,2025-10-15 07:21:26,No audio,-,-,-,-,-,-,-,-
https://t.me/c/3059600439,7.10.25,20,https://t.me/c/3059600439/1523,1523,**Parvati.Umeed.Zindagi.Ki.S1.E387.Parvati.Umeed.Zindagi.Ki.October.15.2025.360p.****#ZEE5****.WEB-DL.****#Hindi****.AAC2.0.H.264.****@IncognitoTelevision****.mp4,"**Parvati.Umeed.Zindagi.Ki.S1.E387.Parvati.Umeed.Zindagi.Ki.October.15.2025.360p.****#ZEE5****.WEB-DL.****#Hindi****.AAC2.0.H.264.****@IncognitoTelevision****.mp4

⚡️ Join & Share ****@IncognitoTelevision**** Now ⚡️**",3,2025-10-15 07:21:23,No audio,-,-,-,-,-,-,-,-
https://t.me/c/3059600439,7.10.25,20,https://t.me/c/3059600439/1522,1522,**Parvati.Umeed.Zindagi.Ki.S1.E387.Parvati.Umeed.Zindagi.Ki.October.15.2025.240p.****#ZEE5****.WEB-DL.****#Hindi****.AAC2.0.H.264.****@IncognitoTelevision****.mp4,"**Parvati.Umeed.Zindagi.Ki.S1.E387.Parvati.Umeed.Zindagi.Ki.October.15.2025.240p.****#ZEE5****.WEB-DL.****#Hindi****.AAC2.0.H.264.****@IncognitoTelevision****.mp4

⚡️ Join & Share ****@IncognitoTelevision**** Now ⚡️**",3,2025-10-15 07:21:07,No audio,-,-,-,-,-,-,-,-
https://t.me/c/3059600439,7.10.25,20,https://t.me/c/3059600439/1521,1521,**Parvati.Umeed.Zindagi.Ki.S1.E386.Parvati.Umeed.Zindagi.Ki.October.15.2025.720p.****#ZEE5****.WEB-DL.****#Hindi****.AAC2.0.H.264.****@IncognitoTelevision****.mp4,"**Parvati.Umeed.Zindagi.Ki.S1.E386.Parvati.Umeed.Zindagi.Ki.October.15.2025.720p.****#ZEE5****.WEB-DL.****#Hindi****.AAC2.0.H.264.****@IncognitoTelevision****.mp4

⚡️ Join & Share ****@IncognitoTelevision**** Now ⚡️**",3,2025-10-15 07:20:00,No audio,-,-,-,-,-,-,-,-
https://t.me/c/3059600439,7.10.25,20,https://t.me/c/3059600439/1520,1520,**Parvati.Umeed.Zindagi.Ki.S1.E386.Parvati.Umeed.Zindagi.Ki.October.15.2025.480p.****#ZEE5****.WEB-DL.****#Hindi****.AAC2.0.H.264.****@IncognitoTelevision****.mp4,"**Parvati.Umeed.Zindagi.Ki.S1.E386.Parvati.Umeed.Zindagi.Ki.October.15.2025.480p.****#ZEE5****.WEB-DL.****#Hindi****.AAC2.0.H.264.****@IncognitoTelevision****.mp4

⚡️ Join & Share ****@IncognitoTelevision**** Now ⚡️**",5,2025-10-15 07:19:49,No audio,-,-,-,-,-,-,-,-
https://t.me/c/3059600439,7.10.25,20,https://t.me/c/3059600439/1519,1519,**Parvati.Umeed.Zindagi.Ki.S1.E386.Parvati.Umeed.Zindagi.Ki.October.15.2025.360p.****#ZEE5****.WEB-DL.****#Hindi****.AAC2.0.H.264.****@IncognitoTelevision****.mp4,"**Parvati.Umeed.Zindagi.Ki.S1.E386.Parvati.Umeed.Zindagi.Ki.October.15.2025.360p.****#ZEE5****.WEB-DL.****#Hindi****.AAC2.0.H.264.****@IncognitoTelevision****.mp4

⚡️ Join & Share ****@IncognitoTelevision**** Now ⚡️**",5,2025-10-15 07:19:45,No audio,-,-,-,-,-,-,-,-
https://t.me/c/3059600439,7.10.25,20,https://t.me/c/3059600439/1518,1518,**Parvati.Umeed.Zindagi.Ki.S1.E386.Parvati.Umeed.Zindagi.Ki.October.15.2025.240p.****#ZEE5****.WEB-DL.****#Hindi****.AAC2.0.H.264.****@IncognitoTelevision****.mp4,"**Parvati.Umeed.Zindagi.Ki.S1.E386.Parvati.Umeed.Zindagi.Ki.October.15.2025.240p.****#ZEE5****.WEB-DL.****#Hindi****.AAC2.0.H.264.****@IncognitoTelevision****.mp4

⚡️ Join & Share ****@IncognitoTelevision**** Now ⚡️**",5,2025-10-15 07:19:37,No audio,-,-,-,-,-,-,-,-
https://t.me/c/3059600439,7.10.25,20,https://t.me/c/3059600439/1517,1517,**Shreemati.Lakhpati.Oct.15.2025.1080p.****#SunNXT****.WEB-DL.****#Hindi****.AAC2.0.H.264.****@IncognitoTelevision****.mp4,"**Shreemati.Lakhpati.Oct.15.2025.1080p.****#SunNXT****.WEB-DL.****#Hindi****.AAC2.0.H.264.****@IncognitoTelevision****.mp4

⚡️ Join & Share ****@IncognitoTelevision**** Now ⚡️**",6,2025-10-15 04:37:15,No audio,-,-,-,-,-,-,-,-
https://t.me/c/3059600439,7.10.25,20,https://t.me/c/3059600439/1516,1516,**Shreemati.Lakhpati.Oct.15.2025.720p.****#SunNXT****.WEB-DL.****#Hindi****.AAC2.0.H.264.****@IncognitoTelevision****.mp4,"**Shreemati.Lakhpati.Oct.15.2025.720p.****#SunNXT****.WEB-DL.****#Hindi****.AAC2.0.H.264.****@IncognitoTelevision****.mp4

⚡️ Join & Share ****@IncognitoTelevision**** Now ⚡️**",6,2025-10-15 04:35:38,No audio,-,-,-,-,-,-,-,-
https://t.me/c/3059600439,7.10.25,20,https://t.me/c/3059600439/1515,1515,**Shreemati.Lakhpati.Oct.15.2025.576p.****#SunNXT****.WEB-DL.****#Hindi****.AAC2.0.H.264.****@IncognitoTelevision****.mp4,"**Shreemati.Lakhpati.Oct.15.2025.576p.****#SunNXT****.WEB-DL.****#Hindi****.AAC2.0.H.264.****@IncognitoTelevision****.mp4

⚡️ Join & Share ****@IncognitoTelevision**** Now ⚡️**",6,2025-10-15 04:35:23,No audio,-,-,-,-,-,-,-,-
https://t.me/c/3059600439,7.10.25,20,https://t.me/c/3059600439/1514,1514,**Shreemati.Lakhpati.Oct.15.2025.360p.****#SunNXT****.WEB-DL.****#Hindi****.AAC2.0.H.264.****@IncognitoTelevision****.mp4,"**Shreemati.Lakhpati.Oct.15.2025.360p.****#SunNXT****.WEB-DL.****#Hindi****.AAC2.0.H.264.****@IncognitoTelevision****.mp4

⚡️ Join & Share ****@IncognitoTelevision**** Now ⚡️**",5,2025-10-15 04:34:23,No audio,-,-,-,-,-,-,-,-
https://t.me/c/3059600439,7.10.25,20,https://t.me/c/3059600439/1513,1513,**Shreemati.Lakhpati.Oct.15.2025.216p.****#SunNXT****.WEB-DL.****#Hindi****.AAC2.0.H.264.****@IncognitoTelevision****.mp4,"**Shreemati.Lakhpati.Oct.15.2025.216p.****#SunNXT****.WEB-DL.****#Hindi****.AAC2.0.H.264.****@IncognitoTelevision****.mp4

⚡️ Join & Share ****@IncognitoTelevision**** Now ⚡️**",6,2025-10-15 04:34:01,No audio,-,-,-,-,-,-,-,-
https://t.me/c/3059600439,7.10.25,20,https://t.me/c/3059600439/1512,1512,All In One Channel Join Pannikanga,"All In One Channel Join Pannikanga 

https://t.me/IncognitoTelevision - Serial 

https://t.me/IncognitoTelevision - Movie

❣❣❣❣❣❣❣❣❣❣❣❣❣",6,2025-10-15 03:26:01,No audio,-,-,-,-,-,https://t.me/IncognitoTelevision,https://t.me/IncognitoTelevision,-
https://t.me/c/3059600439,7.10.25,20,https://t.me/c/3059600439/1511,1511,Mahanadhi 15-10-2025,"Mahanadhi 15-10-2025 

Main Channel @IncognitoTelevision",6,2025-10-15 03:26:01,No audio,-,-,-,-,-,-,-,-
https://t.me/c/3059600439,7.10.25,20,https://t.me/c/3059600439/1510,1510,Biggboss Video Updated ✅,"Biggboss Video Updated ✅

@IncognitoTelevision

Heart Beat S2 Video Updated ✅

@IncognitoTelevision

-------------------------------------------------------------",6,2025-10-15 03:26:01,No audio,-,-,-,-,-,-,-,-
https://t.me/c/3059600439,7.10.25,20,https://t.me/c/3059600439/1509,1509,Kanmani Anbudan 15-10-2025,"Kanmani Anbudan 15-10-2025 

Main Channel @IncognitoTelevision",7,2025-10-15 01:41:38,No audio,-,-,-,-,-,-,-,-
https://t.me/c/3059600439,7.10.25,20,https://t.me/c/3059600439/1508,1508,Biggboss Video Updated ✅,"Biggboss Video Updated ✅

@IncognitoTelevision

Heart Beat S2 Video Updated ✅

@IncognitoTelevision

-------------------------------------------------------------",7,2025-10-15 01:41:38,No audio,-,-,-,-,-,-,-,-
https://t.me/c/3059600439,7.10.25,20,https://t.me/c/3059600439/1507,1507,Chinna Marumagal 15-10-2025,"Chinna Marumagal 15-10-2025 

Main Channel @IncognitoTelevision",7,2025-10-15 01:41:38,No audio,-,-,-,-,-,-,-,-
https://t.me/c/3059600439,7.10.25,20,https://t.me/c/3059600439/1506,1506,All In One Channel Join Pannikanga,"All In One Channel Join Pannikanga 

https://t.me/IncognitoTelevision - Serial 

https://t.me/IncognitoTelevision - Movie

❣❣❣❣❣❣❣❣❣❣❣❣❣",7,2025-10-15 01:41:38,No audio,-,-,-,-,-,https://t.me/IncognitoTelevision,https://t.me/IncognitoTelevision,-
https://t.me/c/3059600439,7.10.25,20,https://t.me/c/3059600439/1505,1505,Pandian Stores 15-10-2025,"Pandian Stores 15-10-2025 

Main Channel @IncognitoTelevision",5,2025-10-15 01:41:38,No audio,-,-,-,-,-,-,-,-
https://t.me/c/3059600439,7.10.25,20,https://t.me/c/3059600439/1504,1504,Ayyanar Thunai 15-10-2025,"Ayyanar Thunai 15-10-2025 

Main Channel @IncognitoTelevision",5,2025-10-15 01:41:38,No audio,-,-,-,-,-,-,-,-
https://t.me/c/3059600439,7.10.25,20,https://t.me/c/3059600439/1503,1503,Siragadikka Aasai 15-10-2025,"Siragadikka Aasai 15-10-2025 

Main Channel @IncognitoTelevision",5,2025-10-15 01:41:38,No audio,-,-,-,-,-,-,-,-
https://t.me/c/3059600439,7.10.25,20,https://t.me/c/3059600439/1502,1502,Thendrale Mella Pesu 15-10-2025,"Thendrale Mella Pesu 15-10-2025 

Main Channel @IncognitoTelevision",5,2025-10-15 01:41:38,No audio,-,-,-,-,-,-,-,-
https://t.me/c/3059600439,7.10.25,20,https://t.me/c/3059600439/1501,1501,Magale En Marumagale 15-10-2025,"Magale En Marumagale 15-10-2025 

Main Channel @IncognitoTelevision",6,2025-10-15 01:41:38,No audio,-,-,-,-,-,-,-,-
https://t.me/c/3059600439,7.10.25,20,https://t.me/c/3059600439/1500,1500,Don't Left ◀️ Daily Bot la /Start Kodunga ❣,"Don't Left ◀️ Daily Bot la /Start Kodunga ❣

10 minutes Video Delete Panren 

@IncognitoTelevision - வீடியோ சேமிப்பு.

Backup Bot Join Pannikanga",6,2025-10-15 01:41:38,No audio,-,-,-,-,-,-,-,-
https://t.me/c/3059600439,7.10.25,20,https://t.me/c/3059600439/1499,1499,All In One Channel Join Pannikanga,"All In One Channel Join Pannikanga 

https://t.me/IncognitoTelevision - Serial 

https://t.me/IncognitoTelevision - Movie

❣❣❣❣❣❣❣❣❣❣❣❣❣",6,2025-10-15 01:41:38,No audio,-,-,-,-,-,https://t.me/IncognitoTelevision,https://t.me/IncognitoTelevision,-
https://t.me/c/3059600439,7.10.25,20,https://t.me/c/3059600439/1498,1498,Biggboss Video Updated ✅,"Biggboss Video Updated ✅

@IncognitoTelevision

Heart Beat S2 Video Updated ✅

@IncognitoTelevision

-------------------------------------------------------------",5,2025-10-15 01:41:38,No audio,-,-,-,-,-,-,-,-
https://t.me/c/3059600439,7.10.25,20,https://t.me/c/3059600439/1497,1497,Sakthivel 15-10-2025,"Sakthivel 15-10-2025 

Main Channel @IncognitoTelevision",5,2025-10-15 01:41:38,No audio,-,-,-,-,-,-,-,-
https://t.me/c/3059600439,7.10.25,20,https://t.me/c/3059600439/1496,1496,Poongatru Thirumbuma 15-10-2025,"Poongatru Thirumbuma 15-10-2025 

Main Channel @IncognitoTelevision",5,2025-10-15 01:41:38,No audio,-,-,-,-,-,-,-,-
https://t.me/c/3059600439,7.10.25,20,https://t.me/c/3059600439/1495,1495,Dhanam 15-10-2025,"Dhanam 15-10-2025 

Main Channel @IncognitoTelevision",5,2025-10-15 01:41:37,No audio,-,-,-,-,-,-,-,-
https://t.me/c/3059600439,7.10.25,20,https://t.me/c/3059600439/1494,1494,Sindhu Bairavi 15-10-2025,"Sindhu Bairavi 15-10-2025 

Main Channel @IncognitoTelevision",5,2025-10-15 01:41:37,No audio,-,-,-,-,-,-,-,-
https://t.me/c/3059600439,7.10.25,20,https://t.me/c/3059600439/1493,1493,New Movie Channel Join Pannikanga,"New Movie Channel Join Pannikanga 

@IncognitoTelevision

Top Cooku Dupe Cooku Video Updated

@IncognitoTelevision

❣❣❣❣❣❣❣❣❣❣",5,2025-10-15 01:41:37,No audio,-,-,-,-,-,-,-,-
https://t.me/c/3059600439,7.10.25,20,https://t.me/c/3059600439/1492,1492,**Binddii.S1.E29.Sharad.Shocked.Seeing.Killers.Face.****#JioHotstar****.Web.DL.360p.Hin.AAC2.0.H264.****@IncognitoTelevision****.mp4,"**Binddii.S1.E29.Sharad.Shocked.Seeing.Killers.Face.****#JioHotstar****.Web.DL.360p.Hin.AAC2.0.H264.****@IncognitoTelevision****.mp4

⚡️ Join & Share ****@IncognitoTelevision**** Now ⚡️**",5,2025-10-15 00:56:10,No audio,-,-,-,-,-,-,-,-
https://t.me/c/3059600439,7.10.25,20,https://t.me/c/3059600439/1491,1491,**Binddii.S1.E29.Sharad.Shocked.Seeing.Killers.Face.****#JioHotstar****.Web.DL.720p.Hin.AAC2.0.H264.****@IncognitoTelevision****.mp4,"**Binddii.S1.E29.Sharad.Shocked.Seeing.Killers.Face.****#JioHotstar****.Web.DL.720p.Hin.AAC2.0.H264.****@IncognitoTelevision****.mp4

⚡️ Join & Share ****@IncognitoTelevision**** Now ⚡️**",5,2025-10-15 00:56:10,No audio,-,-,-,-,-,-,-,-
https://t.me/c/3059600439,7.10.25,20,https://t.me/c/3059600439/1490,1490,**Binddii.S1.E29.Sharad.Shocked.Seeing.Killers.Face.****#JioHotstar****.Web.DL.240p.Hin.AAC2.0.H264.****@IncognitoTelevision****.mp4,"**Binddii.S1.E29.Sharad.Shocked.Seeing.Killers.Face.****#JioHotstar****.Web.DL.240p.Hin.AAC2.0.H264.****@IncognitoTelevision****.mp4

⚡️ Join & Share ****@IncognitoTelevision**** Now ⚡️**",5,2025-10-15 00:56:10,No audio,-,-,-,-,-,-,-,-
https://t.me/c/3059600439,7.10.25,20,https://t.me/c/3059600439/1489,1489,**Binddii.S1.E29.Sharad.Shocked.Seeing.Killers.Face.****#JioHotstar****.Web.DL.480p.Hin.AAC2.0.H264.****@IncognitoTelevision****.mp4,"**Binddii.S1.E29.Sharad.Shocked.Seeing.Killers.Face.****#JioHotstar****.Web.DL.480p.Hin.AAC2.0.H264.****@IncognitoTelevision****.mp4

⚡️ Join & Share ****@IncognitoTelevision**** Now ⚡️**",5,2025-10-15 00:56:10,No audio,-,-,-,-,-,-,-,-
https://t.me/c/3059600439,7.10.25,20,https://t.me/c/3059600439/1488,1488,**Binddii.S1.E29.Sharad.Shocked.Seeing.Killers.Face.****#JioHotstar****.Web.DL.1080p.Hin.AAC2.0.H264.****@IncognitoTelevision****.mp4,"**Binddii.S1.E29.Sharad.Shocked.Seeing.Killers.Face.****#JioHotstar****.Web.DL.1080p.Hin.AAC2.0.H264.****@IncognitoTelevision****.mp4

⚡️ Join & Share ****@IncognitoTelevision**** Now ⚡️**",5,2025-10-15 00:56:09,No audio,-,-,-,-,-,-,-,-
https://t.me/c/3059600439,7.10.25,20,https://t.me/c/3059600439/1487,1487,**Shiv.Shakti.S1.E843.Narayan.Fights.with.Bholenath.****#JioHotstar****.Web.DL.240p.Hin.AAC2.0.H264.****@IncognitoTelevision****.mp4,"**Shiv.Shakti.S1.E843.Narayan.Fights.with.Bholenath.****#JioHotstar****.Web.DL.240p.Hin.AAC2.0.H264.****@IncognitoTelevision****.mp4

⚡️ Join & Share ****@IncognitoTelevision**** Now ⚡️**",5,2025-10-15 00:56:00,No audio,-,-,-,-,-,-,-,-
https://t.me/c/3059600439,7.10.25,20,https://t.me/c/3059600439/1486,1486,**Shiv.Shakti.S1.E843.Narayan.Fights.with.Bholenath.****#JioHotstar****.Web.DL.720p.Hin.AAC2.0.H264.****@IncognitoTelevision****.mp4,"**Shiv.Shakti.S1.E843.Narayan.Fights.with.Bholenath.****#JioHotstar****.Web.DL.720p.Hin.AAC2.0.H264.****@IncognitoTelevision****.mp4

⚡️ Join & Share ****@IncognitoTelevision**** Now ⚡️**",5,2025-10-15 00:53:29,No audio,-,-,-,-,-,-,-,-
https://t.me/c/3059600439,7.10.25,20,https://t.me/c/3059600439/1485,1485,**Shiv.Shakti.S1.E843.Narayan.Fights.with.Bholenath.****#JioHotstar****.Web.DL.480p.Hin.AAC2.0.H264.****@IncognitoTelevision****.mp4,"**Shiv.Shakti.S1.E843.Narayan.Fights.with.Bholenath.****#JioHotstar****.Web.DL.480p.Hin.AAC2.0.H264.****@IncognitoTelevision****.mp4

⚡️ Join & Share ****@IncognitoTelevision**** Now ⚡️**",5,2025-10-15 00:53:29,No audio,-,-,-,-,-,-,-,-
https://t.me/c/3059600439,7.10.25,20,https://t.me/c/3059600439/1484,1484,**Shiv.Shakti.S1.E843.Narayan.Fights.with.Bholenath.****#JioHotstar****.Web.DL.1080p.Hin.AAC2.0.H264.****@IncognitoTelevision****.mp4,"**Shiv.Shakti.S1.E843.Narayan.Fights.with.Bholenath.****#JioHotstar****.Web.DL.1080p.Hin.AAC2.0.H264.****@IncognitoTelevision****.mp4

⚡️ Join & Share ****@IncognitoTelevision**** Now ⚡️**",5,2025-10-15 00:53:29,No audio,-,-,-,-,-,-,-,-
https://t.me/c/3059600439,7.10.25,20,https://t.me/c/3059600439/1483,1483,**Shiv.Shakti.S1.E843.Narayan.Fights.with.Bholenath.****#JioHotstar****.Web.DL.360p.Hin.AAC2.0.H264.****@IncognitoTelevision****.mp4,"**Shiv.Shakti.S1.E843.Narayan.Fights.with.Bholenath.****#JioHotstar****.Web.DL.360p.Hin.AAC2.0.H264.****@IncognitoTelevision****.mp4

⚡️ Join & Share ****@IncognitoTelevision**** Now ⚡️**",6,2025-10-15 00:53:29,No audio,-,-,-,-,-,-,-,-
https://t.me/c/3059600439,7.10.25,20,https://t.me/c/3059600439/1482,1482,**Aarti.Anjali.Awasthi.S2.E428.Yuvraj.swears.on.Mehek.****#JioHotstar****.Web.DL.720p.Hin.AAC2.0.H264.****@IncognitoTelevision****.mp4,"**Aarti.Anjali.Awasthi.S2.E428.Yuvraj.swears.on.Mehek.****#JioHotstar****.Web.DL.720p.Hin.AAC2.0.H264.****@IncognitoTelevision****.mp4

⚡️ Join & Share ****@IncognitoTelevision**** Now ⚡️**",6,2025-10-15 00:53:04,No audio,-,-,-,-,-,-,-,-
https://t.me/c/3059600439,7.10.25,20,https://t.me/c/3059600439/1481,1481,**Aarti.Anjali.Awasthi.S2.E428.Yuvraj.swears.on.Mehek.****#JioHotstar****.Web.DL.480p.Hin.AAC2.0.H264.****@IncognitoTelevision****.mp4,"**Aarti.Anjali.Awasthi.S2.E428.Yuvraj.swears.on.Mehek.****#JioHotstar****.Web.DL.480p.Hin.AAC2.0.H264.****@IncognitoTelevision****.mp4

⚡️ Join & Share ****@IncognitoTelevision**** Now ⚡️**",5,2025-10-15 00:53:04,No audio,-,-,-,-,-,-,-,-
https://t.me/c/3059600439,7.10.25,20,https://t.me/c/3059600439/1480,1480,**Aarti.Anjali.Awasthi.S2.E428.Yuvraj.swears.on.Mehek.****#JioHotstar****.Web.DL.360p.Hin.AAC2.0.H264.****@IncognitoTelevision****.mp4,"**Aarti.Anjali.Awasthi.S2.E428.Yuvraj.swears.on.Mehek.****#JioHotstar****.Web.DL.360p.Hin.AAC2.0.H264.****@IncognitoTelevision****.mp4

⚡️ Join & Share ****@IncognitoTelevision**** Now ⚡️**",5,2025-10-15 00:53:04,No audio,-,-,-,-,-,-,-,-
https://t.me/c/3059600439,7.10.25,20,https://t.me/c/3059600439/1479,1479,**Aarti.Anjali.Awasthi.S2.E428.Yuvraj.swears.on.Mehek.****#JioHotstar****.Web.DL.1080p.Hin.AAC2.0.H264.****@IncognitoTelevision****.mp4,"**Aarti.Anjali.Awasthi.S2.E428.Yuvraj.swears.on.Mehek.****#JioHotstar****.Web.DL.1080p.Hin.AAC2.0.H264.****@IncognitoTelevision****.mp4

⚡️ Join & Share ****@IncognitoTelevision**** Now ⚡️**",5,2025-10-15 00:53:04,No audio,-,-,-,-,-,-,-,-
https://t.me/c/3059600439,7.10.25,20,https://t.me/c/3059600439/1478,1478,**Aarti.Anjali.Awasthi.S2.E428.Yuvraj.swears.on.Mehek.****#JioHotstar****.Web.DL.240p.Hin.AAC2.0.H264.****@IncognitoTelevision****.mp4,"**Aarti.Anjali.Awasthi.S2.E428.Yuvraj.swears.on.Mehek.****#JioHotstar****.Web.DL.240p.Hin.AAC2.0.H264.****@IncognitoTelevision****.mp4

⚡️ Join & Share ****@IncognitoTelevision**** Now ⚡️**",5,2025-10-15 00:51:26,No audio,-,-,-,-,-,-,-,-
https://t.me/c/3059600439,7.10.25,20,https://t.me/c/3059600439/1477,1477,**Aarti.Anjali.Awasthi.S2.E428.Yuvraj.swears.on.Mehek.****#JioHotstar****.Web.DL.240p.Hin.AAC2.0.H264.****@IncognitoTelevision****.mp4,"**Aarti.Anjali.Awasthi.S2.E428.Yuvraj.swears.on.Mehek.****#JioHotstar****.Web.DL.240p.Hin.AAC2.0.H264.****@IncognitoTelevision****.mp4

⚡️ Join & Share ****@IncognitoTelevision**** Now ⚡️**",5,2025-10-15 00:51:06,No audio,-,-,-,-,-,-,-,-
https://t.me/c/3059600439,7.10.25,20,https://t.me/c/3059600439/1476,1476,**Noyontara.S1.E129.Noyontara.Prays.for.a.Black.Owl.****#JioHotstar****.Web.DL.1080p.Hin.AAC2.0.H264.****@IncognitoTelevision****.mp4,"**Noyontara.S1.E129.Noyontara.Prays.for.a.Black.Owl.****#JioHotstar****.Web.DL.1080p.Hin.AAC2.0.H264.****@IncognitoTelevision****.mp4

⚡️ Join & Share ****@IncognitoTelevision**** Now ⚡️**",5,2025-10-15 00:51:06,No audio,-,-,-,-,-,-,-,-
https://t.me/c/3059600439,7.10.25,20,https://t.me/c/3059600439/1475,1475,**Noyontara.S1.E129.Noyontara.Prays.for.a.Black.Owl.****#JioHotstar****.Web.DL.720p.Hin.AAC2.0.H264.****@IncognitoTelevision****.mp4,"**Noyontara.S1.E129.Noyontara.Prays.for.a.Black.Owl.****#JioHotstar****.Web.DL.720p.Hin.AAC2.0.H264.****@IncognitoTelevision****.mp4

⚡️ Join & Share ****@IncognitoTelevision**** Now ⚡️**",5,2025-10-15 00:50:55,No audio,-,-,-,-,-,-,-,-
https://t.me/c/3059600439,7.10.25,20,https://t.me/c/3059600439/1474,1474,**Noyontara.S1.E129.Noyontara.Prays.for.a.Black.Owl.****#JioHotstar****.Web.DL.480p.Hin.AAC2.0.H264.****@IncognitoTelevision****.mp4,"**Noyontara.S1.E129.Noyontara.Prays.for.a.Black.Owl.****#JioHotstar****.Web.DL.480p.Hin.AAC2.0.H264.****@IncognitoTelevision****.mp4

⚡️ Join & Share ****@IncognitoTelevision**** Now ⚡️**",5,2025-10-15 00:50:55,No audio,-,-,-,-,-,-,-,-
https://t.me/c/3059600439,7.10.25,20,https://t.me/c/3059600439/1473,1473,**Noyontara.S1.E129.Noyontara.Prays.for.a.Black.Owl.****#JioHotstar****.Web.DL.360p.Hin.AAC2.0.H264.****@IncognitoTelevision****.mp4,"**Noyontara.S1.E129.Noyontara.Prays.for.a.Black.Owl.****#JioHotstar****.Web.DL.360p.Hin.AAC2.0.H264.****@IncognitoTelevision****.mp4

⚡️ Join & Share ****@IncognitoTelevision**** Now ⚡️**",5,2025-10-15 00:49:11,No audio,-,-,-,-,-,-,-,-
https://t.me/c/3059600439,7.10.25,20,https://t.me/c/3059600439/1472,1472,**Noyontara.S1.E129.Noyontara.Prays.for.a.Black.Owl.****#JioHotstar****.Web.DL.240p.Hin.AAC2.0.H264.****@IncognitoTelevision****.mp4,"**Noyontara.S1.E129.Noyontara.Prays.for.a.Black.Owl.****#JioHotstar****.Web.DL.240p.Hin.AAC2.0.H264.****@IncognitoTelevision****.mp4

⚡️ Join & Share ****@IncognitoTelevision**** Now ⚡️**",5,2025-10-15 00:49:10,No audio,-,-,-,-,-,-,-,-
https://t.me/c/3059600439,7.10.25,20,https://t.me/c/3059600439/1471,1471,**Ishani.S1.E102.Pihu.Sidharth.Get.Married.****#JioHotstar****.Web.DL.1080p.Hin.AAC2.0.H264.****@IncognitoTelevision****.mp4,"**Ishani.S1.E102.Pihu.Sidharth.Get.Married.****#JioHotstar****.Web.DL.1080p.Hin.AAC2.0.H264.****@IncognitoTelevision****.mp4

⚡️ Join & Share ****@IncognitoTelevision**** Now ⚡️**",5,2025-10-15 00:48:13,No audio,-,-,-,-,-,-,-,-
https://t.me/c/3059600439,7.10.25,20,https://t.me/c/3059600439/1470,1470,**Ishani.S1.E102.Pihu.Sidharth.Get.Married.****#JioHotstar****.Web.DL.360p.Hin.AAC2.0.H264.****@IncognitoTelevision****.mp4,"**Ishani.S1.E102.Pihu.Sidharth.Get.Married.****#JioHotstar****.Web.DL.360p.Hin.AAC2.0.H264.****@IncognitoTelevision****.mp4

⚡️ Join & Share ****@IncognitoTelevision**** Now ⚡️**",5,2025-10-15 00:48:03,No audio,-,-,-,-,-,-,-,-
https://t.me/c/3059600439,7.10.25,20,https://t.me/c/3059600439/1469,1469,**Ishani.S1.E102.Pihu.Sidharth.Get.Married.****#JioHotstar****.Web.DL.480p.Hin.AAC2.0.H264.****@IncognitoTelevision****.mp4,"**Ishani.S1.E102.Pihu.Sidharth.Get.Married.****#JioHotstar****.Web.DL.480p.Hin.AAC2.0.H264.****@IncognitoTelevision****.mp4

⚡️ Join & Share ****@IncognitoTelevision**** Now ⚡️**",5,2025-10-15 00:48:03,No audio,-,-,-,-,-,-,-,-
https://t.me/c/3059600439,7.10.25,20,https://t.me/c/3059600439/1468,1468,**Ishani.S1.E102.Pihu.Sidharth.Get.Married.****#JioHotstar****.Web.DL.720p.Hin.AAC2.0.H264.****@IncognitoTelevision****.mp4,"**Ishani.S1.E102.Pihu.Sidharth.Get.Married.****#JioHotstar****.Web.DL.720p.Hin.AAC2.0.H264.****@IncognitoTelevision****.mp4

⚡️ Join & Share ****@IncognitoTelevision**** Now ⚡️**",5,2025-10-15 00:48:03,No audio,-,-,-,-,-,-,-,-
https://t.me/c/3059600439,7.10.25,20,https://t.me/c/3059600439/1467,1467,**Ishani.S1.E102.Pihu.Sidharth.Get.Married.****#JioHotstar****.Web.DL.240p.Hin.AAC2.0.H264.****@IncognitoTelevision****.mp4,"**Ishani.S1.E102.Pihu.Sidharth.Get.Married.****#JioHotstar****.Web.DL.240p.Hin.AAC2.0.H264.****@IncognitoTelevision****.mp4

⚡️ Join & Share ****@IncognitoTelevision**** Now ⚡️**",5,2025-10-15 00:48:03,No audio,-,-,-,-,-,-,-,-
https://t.me/c/3059600439,7.10.25,20,https://t.me/c/3059600439/1466,1466,**Sampoorna.S1.E37.Akash's.Tragic.Move.****#JioHotstar****.Web.DL.1080p.Hin.AAC2.0.HEVC.****@IncognitoTelevision****.mp4,"**Sampoorna.S1.E37.Akash's.Tragic.Move.****#JioHotstar****.Web.DL.1080p.Hin.AAC2.0.HEVC.****@IncognitoTelevision****.mp4

⚡️ Join & Share ****@IncognitoTelevision**** Now ⚡️**",5,2025-10-15 00:45:15,No audio,-,-,-,-,-,-,-,-
https://t.me/c/3059600439,7.10.25,20,https://t.me/c/3059600439/1465,1465,**Sampoorna.S1.E37.Akash's.Tragic.Move.****#JioHotstar****.Web.DL.480p.Hin.AAC2.0.HEVC.****@IncognitoTelevision****.mp4,"**Sampoorna.S1.E37.Akash's.Tragic.Move.****#JioHotstar****.Web.DL.480p.Hin.AAC2.0.HEVC.****@IncognitoTelevision****.mp4

⚡️ Join & Share ****@IncognitoTelevision**** Now ⚡️**",5,2025-10-15 00:45:15,No audio,-,-,-,-,-,-,-,-
https://t.me/c/3059600439,7.10.25,20,https://t.me/c/3059600439/1464,1464,**Sampoorna.S1.E37.Akash's.Tragic.Move.****#JioHotstar****.Web.DL.720p.Hin.AAC2.0.HEVC.****@IncognitoTelevision****.mp4,"**Sampoorna.S1.E37.Akash's.Tragic.Move.****#JioHotstar****.Web.DL.720p.Hin.AAC2.0.HEVC.****@IncognitoTelevision****.mp4

⚡️ Join & Share ****@IncognitoTelevision**** Now ⚡️**",5,2025-10-15 00:45:15,No audio,-,-,-,-,-,-,-,-
https://t.me/c/3059600439,7.10.25,20,https://t.me/c/3059600439/1463,1463,**Sampoorna.S1.E37.Akash's.Tragic.Move.****#JioHotstar****.Web.DL.360p.Hin.AAC2.0.HEVC.****@IncognitoTelevision****.mp4,"**Sampoorna.S1.E37.Akash's.Tragic.Move.****#JioHotstar****.Web.DL.360p.Hin.AAC2.0.HEVC.****@IncognitoTelevision****.mp4

⚡️ Join & Share ****@IncognitoTelevision**** Now ⚡️**",5,2025-10-15 00:45:15,No audio,-,-,-,-,-,-,-,-
https://t.me/c/3059600439,7.10.25,20,https://t.me/c/3059600439/1462,1462,**Sampoorna.S1.E37.Akash's.Tragic.Move.****#JioHotstar****.Web.DL.240p.Hin.AAC2.0.HEVC.****@IncognitoTelevision****.mp4,"**Sampoorna.S1.E37.Akash's.Tragic.Move.****#JioHotstar****.Web.DL.240p.Hin.AAC2.0.HEVC.****@IncognitoTelevision****.mp4

⚡️ Join & Share ****@IncognitoTelevision**** Now ⚡️**",5,2025-10-15 00:45:15,No audio,-,-,-,-,-,-,-,-
https://t.me/c/3059600439,7.10.25,20,https://t.me/c/3059600439/1461,1461,**Anupama.S1.E1802.Rahi.Caught.in.Prakash's.Trap.1080p.****#JioHotstar****.WEB-DL.****#Hindi****.AAC2.0.H.264.****@IncognitoTelevision****.mp4,"**Anupama.S1.E1802.Rahi.Caught.in.Prakash's.Trap.1080p.****#JioHotstar****.WEB-DL.****#Hindi****.AAC2.0.H.264.****@IncognitoTelevision****.mp4

⚡️ Join & Share ****@IncognitoTelevision**** Now ⚡️**",4,2025-10-15 00:36:06,No audio,-,-,-,-,-,-,-,-
https://t.me/c/3059600439,7.10.25,20,https://t.me/c/3059600439/1460,1460,**Anupama.S1.E1802.Rahi.Caught.in.Prakash's.Trap.720p.****#JioHotstar****.WEB-DL.****#Hindi****.AAC2.0.H.264.****@IncognitoTelevision****.mp4,"**Anupama.S1.E1802.Rahi.Caught.in.Prakash's.Trap.720p.****#JioHotstar****.WEB-DL.****#Hindi****.AAC2.0.H.264.****@IncognitoTelevision****.mp4

⚡️ Join & Share ****@IncognitoTelevision**** Now ⚡️**",4,2025-10-15 00:35:01,No audio,-,-,-,-,-,-,-,-
https://t.me/c/3059600439,7.10.25,20,https://t.me/c/3059600439/1459,1459,**Anupama.S1.E1802.Rahi.Caught.in.Prakash's.Trap.480p.****#JioHotstar****.WEB-DL.****#Hindi****.AAC2.0.H.264.****@IncognitoTelevision****.mp4,"**Anupama.S1.E1802.Rahi.Caught.in.Prakash's.Trap.480p.****#JioHotstar****.WEB-DL.****#Hindi****.AAC2.0.H.264.****@IncognitoTelevision****.mp4

⚡️ Join & Share ****@IncognitoTelevision**** Now ⚡️**",4,2025-10-15 00:34:43,No audio,-,-,-,-,-,-,-,-
https://t.me/c/3059600439,7.10.25,20,https://t.me/c/3059600439/1458,1458,**Anupama.S1.E1802.Rahi.Caught.in.Prakash's.Trap.360p.****#JioHotstar****.WEB-DL.****#Hindi****.AAC2.0.H.264.****@IncognitoTelevision****.mp4,"**Anupama.S1.E1802.Rahi.Caught.in.Prakash's.Trap.360p.****#JioHotstar****.WEB-DL.****#Hindi****.AAC2.0.H.264.****@IncognitoTelevision****.mp4

⚡️ Join & Share ****@IncognitoTelevision**** Now ⚡️**",3,2025-10-15 00:34:35,No audio,-,-,-,-,-,-,-,-
https://t.me/c/3059600439,7.10.25,20,https://t.me/c/3059600439/1457,1457,**Anupama.S1.E1802.Rahi.Caught.in.Prakash's.Trap.240p.****#JioHotstar****.WEB-DL.****#Hindi****.AAC2.0.H.264.****@IncognitoTelevision****.mp4,"**Anupama.S1.E1802.Rahi.Caught.in.Prakash's.Trap.240p.****#JioHotstar****.WEB-DL.****#Hindi****.AAC2.0.H.264.****@IncognitoTelevision****.mp4

⚡️ Join & Share ****@IncognitoTelevision**** Now ⚡️**",3,2025-10-15 00:34:28,No audio,-,-,-,-,-,-,-,-
https://t.me/c/3059600439,7.10.25,20,https://t.me/c/3059600439/1456,1456,**Yeh.Rishta.Kya.Kehlata.Hai.S68.E1805.Abhira.and.Armaan's.Confrontation.1080p.****#JioHotstar****.WEB-DL.****#Hindi****.AAC2.0.H.264.****@IncognitoTelevision****.mp4,"**Yeh.Rishta.Kya.Kehlata.Hai.S68.E1805.Abhira.and.Armaan's.Confrontation.1080p.****#JioHotstar****.WEB-DL.****#Hindi****.AAC2.0.H.264.****@IncognitoTelevision****.mp4

⚡️ Join & Share ****@IncognitoTelevision**** Now ⚡️**",3,2025-10-15 00:33:51,No audio,-,-,-,-,-,-,-,-
https://t.me/c/3059600439,7.10.25,20,https://t.me/c/3059600439/1455,1455,**Yeh.Rishta.Kya.Kehlata.Hai.S68.E1805.Abhira.and.Armaan's.Confrontation.720p.****#JioHotstar****.WEB-DL.****#Hindi****.AAC2.0.H.264.****@IncognitoTelevision****.mp4,"**Yeh.Rishta.Kya.Kehlata.Hai.S68.E1805.Abhira.and.Armaan's.Confrontation.720p.****#JioHotstar****.WEB-DL.****#Hindi****.AAC2.0.H.264.****@IncognitoTelevision****.mp4

⚡️ Join & Share ****@IncognitoTelevision**** Now ⚡️**",3,2025-10-15 00:33:30,No audio,-,-,-,-,-,-,-,-
https://t.me/c/3059600439,7.10.25,20,https://t.me/c/3059600439/1454,1454,**Yeh.Rishta.Kya.Kehlata.Hai.S68.E1805.Abhira.and.Armaan's.Confrontation.480p.****#JioHotstar****.WEB-DL.****#Hindi****.AAC2.0.H.264.****@IncognitoTelevision****.mp4,"**Yeh.Rishta.Kya.Kehlata.Hai.S68.E1805.Abhira.and.Armaan's.Confrontation.480p.****#JioHotstar****.WEB-DL.****#Hindi****.AAC2.0.H.264.****@IncognitoTelevision****.mp4

⚡️ Join & Share ****@IncognitoTelevision**** Now ⚡️**",3,2025-10-15 00:32:58,No audio,-,-,-,-,-,-,-,-
https://t.me/c/3059600439,7.10.25,20,https://t.me/c/3059600439/1453,1453,**Yeh.Rishta.Kya.Kehlata.Hai.S68.E1805.Abhira.and.Armaan's.Confrontation.360p.****#JioHotstar****.WEB-DL.****#Hindi****.AAC2.0.H.264.****@IncognitoTelevision****.mp4,"**Yeh.Rishta.Kya.Kehlata.Hai.S68.E1805.Abhira.and.Armaan's.Confrontation.360p.****#JioHotstar****.WEB-DL.****#Hindi****.AAC2.0.H.264.****@IncognitoTelevision****.mp4

⚡️ Join & Share ****@IncognitoTelevision**** Now ⚡️**",3,2025-10-15 00:32:57,No audio,-,-,-,-,-,-,-,-
https://t.me/c/3059600439,7.10.25,20,https://t.me/c/3059600439/1452,1452,**Yeh.Rishta.Kya.Kehlata.Hai.S68.E1805.Abhira.and.Armaan's.Confrontation.240p.****#JioHotstar****.WEB-DL.****#Hindi****.AAC2.0.H.264.****@IncognitoTelevision****.mp4,"**Yeh.Rishta.Kya.Kehlata.Hai.S68.E1805.Abhira.and.Armaan's.Confrontation.240p.****#JioHotstar****.WEB-DL.****#Hindi****.AAC2.0.H.264.****@IncognitoTelevision****.mp4

⚡️ Join & Share ****@IncognitoTelevision**** Now ⚡️**",3,2025-10-15 00:32:55,No audio,-,-,-,-,-,-,-,-
https://t.me/c/3059600439,7.10.25,20,https://t.me/c/3059600439/1451,1451,**Kaun.Banega.Crorepati.E47.Gauravshaali.Bachhe.1080p.****#SonyLIV****.WEB-DL.****#Hindi****.AAC2.0.H.264.****@IncognitoTelevision****.mp4,"**Kaun.Banega.Crorepati.E47.Gauravshaali.Bachhe.1080p.****#SonyLIV****.WEB-DL.****#Hindi****.AAC2.0.H.264.****@IncognitoTelevision****.mp4

⚡️ Join & Share ****@IncognitoTelevision**** Now ⚡️**",4,2025-10-14 18:23:07,No audio,-,-,-,-,-,-,-,-
https://t.me/c/3059600439,7.10.25,20,https://t.me/c/3059600439/1450,1450,**Kaun.Banega.Crorepati.E47.Gauravshaali.Bachhe.720p.****#SonyLIV****.WEB-DL.****#Hindi****.AAC2.0.H.264.****@IncognitoTelevision****.mp4,"**Kaun.Banega.Crorepati.E47.Gauravshaali.Bachhe.720p.****#SonyLIV****.WEB-DL.****#Hindi****.AAC2.0.H.264.****@IncognitoTelevision****.mp4

⚡️ Join & Share ****@IncognitoTelevision**** Now ⚡️**",4,2025-10-14 18:22:09,No audio,-,-,-,-,-,-,-,-
https://t.me/c/3059600439,7.10.25,20,https://t.me/c/3059600439/1449,1449,**Kaun.Banega.Crorepati.E47.Gauravshaali.Bachhe.360p.****#SonyLIV****.WEB-DL.****#Hindi****.AAC2.0.H.264.****@IncognitoTelevision****.mp4,"**Kaun.Banega.Crorepati.E47.Gauravshaali.Bachhe.360p.****#SonyLIV****.WEB-DL.****#Hindi****.AAC2.0.H.264.****@IncognitoTelevision****.mp4

⚡️ Join & Share ****@IncognitoTelevision**** Now ⚡️**",4,2025-10-14 18:20:55,No audio,-,-,-,-,-,-,-,-
https://t.me/c/3059600439,7.10.25,20,https://t.me/c/3059600439/1448,1448,**Kaun.Banega.Crorepati.E47.Gauravshaali.Bachhe.540p.****#SonyLIV****.WEB-DL.****#Hindi****.AAC2.0.H.264.****@IncognitoTelevision****.mp4,"**Kaun.Banega.Crorepati.E47.Gauravshaali.Bachhe.540p.****#SonyLIV****.WEB-DL.****#Hindi****.AAC2.0.H.264.****@IncognitoTelevision****.mp4

⚡️ Join & Share ****@IncognitoTelevision**** Now ⚡️**",4,2025-10-14 18:20:37,No audio,-,-,-,-,-,-,-,-
https://t.me/c/3059600439,7.10.25,20,https://t.me/c/3059600439/1447,1447,**Kaun.Banega.Crorepati.E47.Gauravshaali.Bachhe.240p.****#SonyLIV****.WEB-DL.****#Hindi****.AAC2.0.H.264.****@IncognitoTelevision****.mp4,"**Kaun.Banega.Crorepati.E47.Gauravshaali.Bachhe.240p.****#SonyLIV****.WEB-DL.****#Hindi****.AAC2.0.H.264.****@IncognitoTelevision****.mp4

⚡️ Join & Share ****@IncognitoTelevision**** Now ⚡️**",4,2025-10-14 18:20:05,No audio,-,-,-,-,-,-,-,-
https://t.me/c/3059600439,7.10.25,20,https://t.me/c/3059600439/1446,1446,**Mangal.Lakshmi.S1.E585.Mangal.Finds.Akshat.Unconscious.1080p.****#JioHotstar****.WEB-DL.****#Hindi****.AAC2.0.H.264.****@IncognitoTelevision****.mp4,"**Mangal.Lakshmi.S1.E585.Mangal.Finds.Akshat.Unconscious.1080p.****#JioHotstar****.WEB-DL.****#Hindi****.AAC2.0.H.264.****@IncognitoTelevision****.mp4

⚡️ Join & Share ****@IncognitoTelevision**** Now ⚡️**",4,2025-10-14 17:25:38,No audio,-,-,-,-,-,-,-,-
https://t.me/c/3059600439,7.10.25,20,https://t.me/c/3059600439/1445,1445,**Mangal.Lakshmi.S1.E585.Mangal.Finds.Akshat.Unconscious.720p.****#JioHotstar****.WEB-DL.****#Hindi****.AAC2.0.H.264.****@IncognitoTelevision****.mp4,"**Mangal.Lakshmi.S1.E585.Mangal.Finds.Akshat.Unconscious.720p.****#JioHotstar****.WEB-DL.****#Hindi****.AAC2.0.H.264.****@IncognitoTelevision****.mp4

⚡️ Join & Share ****@IncognitoTelevision**** Now ⚡️**",4,2025-10-14 17:24:27,No audio,-,-,-,-,-,-,-,-
https://t.me/c/3059600439,7.10.25,20,https://t.me/c/3059600439/1444,1444,**Mangal.Lakshmi.S1.E585.Mangal.Finds.Akshat.Unconscious.480p.****#JioHotstar****.WEB-DL.****#Hindi****.AAC2.0.H.264.****@IncognitoTelevision****.mp4,"**Mangal.Lakshmi.S1.E585.Mangal.Finds.Akshat.Unconscious.480p.****#JioHotstar****.WEB-DL.****#Hindi****.AAC2.0.H.264.****@IncognitoTelevision****.mp4

⚡️ Join & Share ****@IncognitoTelevision**** Now ⚡️**",4,2025-10-14 17:23:08,No audio,-,-,-,-,-,-,-,-
https://t.me/c/3059600439,7.10.25,20,https://t.me/c/3059600439/1443,1443,**Mangal.Lakshmi.S1.E585.Mangal.Finds.Akshat.Unconscious.360p.****#JioHotstar****.WEB-DL.****#Hindi****.AAC2.0.H.264.****@IncognitoTelevision****.mp4,"**Mangal.Lakshmi.S1.E585.Mangal.Finds.Akshat.Unconscious.360p.****#JioHotstar****.WEB-DL.****#Hindi****.AAC2.0.H.264.****@IncognitoTelevision****.mp4

⚡️ Join & Share ****@IncognitoTelevision**** Now ⚡️**",4,2025-10-14 17:23:01,No audio,-,-,-,-,-,-,-,-
https://t.me/c/3059600439,7.10.25,20,https://t.me/c/3059600439/1442,1442,**Mangal.Lakshmi.S1.E585.Mangal.Finds.Akshat.Unconscious.240p.****#JioHotstar****.WEB-DL.****#Hindi****.AAC2.0.H.264.****@IncognitoTelevision****.mp4,"**Mangal.Lakshmi.S1.E585.Mangal.Finds.Akshat.Unconscious.240p.****#JioHotstar****.WEB-DL.****#Hindi****.AAC2.0.H.264.****@IncognitoTelevision****.mp4

⚡️ Join & Share ****@IncognitoTelevision**** Now ⚡️**",4,2025-10-14 17:22:59,No audio,-,-,-,-,-,-,-,-
https://t.me/c/3059600439,7.10.25,20,https://t.me/c/3059600439/1441,1441,**MANN.SUNDAR.EP.1392.720p.****#DangalPlay****.WEB-DL.****#Hindi****.AAC2.0.H.264.****@IncognitoTelevision****.mp4,"**MANN.SUNDAR.EP.1392.720p.****#DangalPlay****.WEB-DL.****#Hindi****.AAC2.0.H.264.****@IncognitoTelevision****.mp4

⚡️ Join & Share ****@IncognitoTelevision**** Now ⚡️**",4,2025-10-14 17:08:19,No audio,-,-,-,-,-,-,-,-
https://t.me/c/3059600439,7.10.25,20,https://t.me/c/3059600439/1440,1440,**MANN.SUNDAR.EP.1392.480p.****#DangalPlay****.WEB-DL.****#Hindi****.AAC2.0.H.264.****@IncognitoTelevision****.mp4,"**MANN.SUNDAR.EP.1392.480p.****#DangalPlay****.WEB-DL.****#Hindi****.AAC2.0.H.264.****@IncognitoTelevision****.mp4

⚡️ Join & Share ****@IncognitoTelevision**** Now ⚡️**",4,2025-10-14 17:08:06,No audio,-,-,-,-,-,-,-,-
https://t.me/c/3059600439,7.10.25,20,https://t.me/c/3059600439/1439,1439,**MANN.SUNDAR.EP.1392.360p.****#DangalPlay****.WEB-DL.****#Hindi****.AAC2.0.H.264.****@IncognitoTelevision****.mp4,"**MANN.SUNDAR.EP.1392.360p.****#DangalPlay****.WEB-DL.****#Hindi****.AAC2.0.H.264.****@IncognitoTelevision****.mp4

⚡️ Join & Share ****@IncognitoTelevision**** Now ⚡️**",5,2025-10-14 17:08:01,No audio,-,-,-,-,-,-,-,-
https://t.me/c/3059600439,7.10.25,20,https://t.me/c/3059600439/1438,1438,**MANN.SUNDAR.EP.1392.240p.****#DangalPlay****.WEB-DL.****#Hindi****.AAC2.0.H.264.****@IncognitoTelevision****.mp4,"**MANN.SUNDAR.EP.1392.240p.****#DangalPlay****.WEB-DL.****#Hindi****.AAC2.0.H.264.****@IncognitoTelevision****.mp4

⚡️ Join & Share ****@IncognitoTelevision**** Now ⚡️**",5,2025-10-14 17:08:00,No audio,-,-,-,-,-,-,-,-
https://t.me/c/3059600439,7.10.25,20,https://t.me/c/3059600439/1437,1437,**Bigg.Boss.S19.E52.BBHin.Day.51.Teddy.Bear.Brings.a.New.Fear!.1080p.****#JioHotstar****.WEB-DL.****#Hindi****.AAC2.0.H.264.****@IncognitoTelevision****.mp4,"**Bigg.Boss.S19.E52.BBHin.Day.51.Teddy.Bear.Brings.a.New.Fear!.1080p.****#JioHotstar****.WEB-DL.****#Hindi****.AAC2.0.H.264.****@IncognitoTelevision****.mp4

⚡️ Join & Share ****@IncognitoTelevision**** Now ⚡️**",4,2025-10-14 16:56:36,No audio,-,-,-,-,-,-,-,-
https://t.me/c/3059600439,7.10.25,20,https://t.me/c/3059600439/1436,1436,**Bhabi.Ji.Ghar.Par.Hai!.S1.E2701.Vibhuti.Finds.an.Astonishing.Picture.1080p.****#ZEE5****.WEB-DL.****#Hindi****.AAC2.0.H.264.****@IncognitoTelevision****.mp4,"**Bhabi.Ji.Ghar.Par.Hai!.S1.E2701.Vibhuti.Finds.an.Astonishing.Picture.1080p.****#ZEE5****.WEB-DL.****#Hindi****.AAC2.0.H.264.****@IncognitoTelevision****.mp4

⚡️ Join & Share ****@IncognitoTelevision**** Now ⚡️**",4,2025-10-14 16:55:59,No audio,-,-,-,-,-,-,-,-
https://t.me/c/3059600439,7.10.25,20,https://t.me/c/3059600439/1435,1435,**Bigg.Boss.S19.E52.BBHin.Day.51.Teddy.Bear.Brings.a.New.Fear!.720p.****#JioHotstar****.WEB-DL.****#Hindi****.AAC2.0.H.264.****@IncognitoTelevision****.mp4,"**Bigg.Boss.S19.E52.BBHin.Day.51.Teddy.Bear.Brings.a.New.Fear!.720p.****#JioHotstar****.WEB-DL.****#Hindi****.AAC2.0.H.264.****@IncognitoTelevision****.mp4

⚡️ Join & Share ****@IncognitoTelevision**** Now ⚡️**",4,2025-10-14 16:55:41,No audio,-,-,-,-,-,-,-,-
https://t.me/c/3059600439,7.10.25,20,https://t.me/c/3059600439/1434,1434,**Bigg.Boss.S19.E52.BBHin.Day.51.Teddy.Bear.Brings.a.New.Fear!.480p.****#JioHotstar****.WEB-DL.****#Hindi****.AAC2.0.H.264.****@IncognitoTelevision****.mp4,"**Bigg.Boss.S19.E52.BBHin.Day.51.Teddy.Bear.Brings.a.New.Fear!.480p.****#JioHotstar****.WEB-DL.****#Hindi****.AAC2.0.H.264.****@IncognitoTelevision****.mp4

⚡️ Join & Share ****@IncognitoTelevision**** Now ⚡️**",4,2025-10-14 16:54:51,No audio,-,-,-,-,-,-,-,-
https://t.me/c/3059600439,7.10.25,20,https://t.me/c/3059600439/1433,1433,**Bigg.Boss.S19.E52.BBHin.Day.51.Teddy.Bear.Brings.a.New.Fear!.240p.****#JioHotstar****.WEB-DL.****#Hindi****.AAC2.0.H.264.****@IncognitoTelevision****.mp4,"**Bigg.Boss.S19.E52.BBHin.Day.51.Teddy.Bear.Brings.a.New.Fear!.240p.****#JioHotstar****.WEB-DL.****#Hindi****.AAC2.0.H.264.****@IncognitoTelevision****.mp4

⚡️ Join & Share ****@IncognitoTelevision**** Now ⚡️**",4,2025-10-14 16:54:48,No audio,-,-,-,-,-,-,-,-
https://t.me/c/3059600439,7.10.25,20,https://t.me/c/3059600439/1432,1432,**Bigg.Boss.S19.E52.BBHin.Day.51.Teddy.Bear.Brings.a.New.Fear!.360p.****#JioHotstar****.WEB-DL.****#Hindi****.AAC2.0.H.264.****@IncognitoTelevision****.mp4,"**Bigg.Boss.S19.E52.BBHin.Day.51.Teddy.Bear.Brings.a.New.Fear!.360p.****#JioHotstar****.WEB-DL.****#Hindi****.AAC2.0.H.264.****@IncognitoTelevision****.mp4

⚡️ Join & Share ****@IncognitoTelevision**** Now ⚡️**",4,2025-10-14 16:54:31,No audio,-,-,-,-,-,-,-,-
https://t.me/c/3059600439,7.10.25,20,https://t.me/c/3059600439/1431,1431,**Bhabi.Ji.Ghar.Par.Hai!.S1.E2701.Vibhuti.Finds.an.Astonishing.Picture.360p.****#ZEE5****.WEB-DL.****#Hindi****.AAC2.0.H.264.****@IncognitoTelevision****.mp4,"**Bhabi.Ji.Ghar.Par.Hai!.S1.E2701.Vibhuti.Finds.an.Astonishing.Picture.360p.****#ZEE5****.WEB-DL.****#Hindi****.AAC2.0.H.264.****@IncognitoTelevision****.mp4

⚡️ Join & Share ****@IncognitoTelevision**** Now ⚡️**",4,2025-10-14 16:50:53,No audio,-,-,-,-,-,-,-,-
https://t.me/c/3059600439,7.10.25,20,https://t.me/c/3059600439/1430,1430,**Kyunki.Saas.Bhi.Kabhi.Bahu.Thi.S2.E77.Mitali's.Scheme.against.Vrinda.720p.****#JioHotstar****.WEB-DL.****#Hindi****.AAC2.0.H.264.****@IncognitoTelevision****.mp4,"**Kyunki.Saas.Bhi.Kabhi.Bahu.Thi.S2.E77.Mitali's.Scheme.against.Vrinda.720p.****#JioHotstar****.WEB-DL.****#Hindi****.AAC2.0.H.264.****@IncognitoTelevision****.mp4

⚡️ Join & Share ****@IncognitoTelevision**** Now ⚡️**",4,2025-10-14 16:50:42,No audio,-,-,-,-,-,-,-,-
https://t.me/c/3059600439,7.10.25,20,https://t.me/c/3059600439/1429,1429,**Bhabi.Ji.Ghar.Par.Hai!.S1.E2701.Vibhuti.Finds.an.Astonishing.Picture.480p.****#ZEE5****.WEB-DL.****#Hindi****.AAC2.0.H.264.****@IncognitoTelevision****.mp4,"**Bhabi.Ji.Ghar.Par.Hai!.S1.E2701.Vibhuti.Finds.an.Astonishing.Picture.480p.****#ZEE5****.WEB-DL.****#Hindi****.AAC2.0.H.264.****@IncognitoTelevision****.mp4

⚡️ Join & Share ****@IncognitoTelevision**** Now ⚡️**",4,2025-10-14 16:50:18,No audio,-,-,-,-,-,-,-,-
https://t.me/c/3059600439,7.10.25,20,https://t.me/c/3059600439/1428,1428,**Bhabi.Ji.Ghar.Par.Hai!.S1.E2701.Vibhuti.Finds.an.Astonishing.Picture.240p.****#ZEE5****.WEB-DL.****#Hindi****.AAC2.0.H.264.****@IncognitoTelevision****.mp4,"**Bhabi.Ji.Ghar.Par.Hai!.S1.E2701.Vibhuti.Finds.an.Astonishing.Picture.240p.****#ZEE5****.WEB-DL.****#Hindi****.AAC2.0.H.264.****@IncognitoTelevision****.mp4

⚡️ Join & Share ****@IncognitoTelevision**** Now ⚡️**",4,2025-10-14 16:49:30,No audio,-,-,-,-,-,-,-,-
https://t.me/c/3059600439,7.10.25,20,https://t.me/c/3059600439/1427,1427,**Bhabi.Ji.Ghar.Par.Hai!.S1.E2701.Vibhuti.Finds.an.Astonishing.Picture.720p.****#ZEE5****.WEB-DL.****#Hindi****.AAC2.0.H.264.****@IncognitoTelevision****.mp4,"**Bhabi.Ji.Ghar.Par.Hai!.S1.E2701.Vibhuti.Finds.an.Astonishing.Picture.720p.****#ZEE5****.WEB-DL.****#Hindi****.AAC2.0.H.264.****@IncognitoTelevision****.mp4

⚡️ Join & Share ****@IncognitoTelevision**** Now ⚡️**",4,2025-10-14 16:49:28,No audio,-,-,-,-,-,-,-,-
https://t.me/c/3059600439,7.10.25,20,https://t.me/c/3059600439/1426,1426,**Kyunki.Saas.Bhi.Kabhi.Bahu.Thi.S2.E77.Mitali's.Scheme.against.Vrinda.1080p.****#JioHotstar****.WEB-DL.****#Hindi****.AAC2.0.H.264.****@IncognitoTelevision****.mp4,"**Kyunki.Saas.Bhi.Kabhi.Bahu.Thi.S2.E77.Mitali's.Scheme.against.Vrinda.1080p.****#JioHotstar****.WEB-DL.****#Hindi****.AAC2.0.H.264.****@IncognitoTelevision****.mp4

⚡️ Join & Share ****@IncognitoTelevision**** Now ⚡️**",4,2025-10-14 16:48:49,No audio,-,-,-,-,-,-,-,-
https://t.me/c/3059600439,7.10.25,20,https://t.me/c/3059600439/1425,1425,**Kyunki.Saas.Bhi.Kabhi.Bahu.Thi.S2.E77.Mitali's.Scheme.against.Vrinda.360p.****#JioHotstar****.WEB-DL.****#Hindi****.AAC2.0.H.264.****@IncognitoTelevision****.mp4,"**Kyunki.Saas.Bhi.Kabhi.Bahu.Thi.S2.E77.Mitali's.Scheme.against.Vrinda.360p.****#JioHotstar****.WEB-DL.****#Hindi****.AAC2.0.H.264.****@IncognitoTelevision****.mp4

⚡️ Join & Share ****@IncognitoTelevision**** Now ⚡️**",4,2025-10-14 16:48:45,No audio,-,-,-,-,-,-,-,-
https://t.me/c/3059600439,7.10.25,20,https://t.me/c/3059600439/1424,1424,**Kyunki.Saas.Bhi.Kabhi.Bahu.Thi.S2.E77.Mitali's.Scheme.against.Vrinda.480p.****#JioHotstar****.WEB-DL.****#Hindi****.AAC2.0.H.264.****@IncognitoTelevision****.mp4,"**Kyunki.Saas.Bhi.Kabhi.Bahu.Thi.S2.E77.Mitali's.Scheme.against.Vrinda.480p.****#JioHotstar****.WEB-DL.****#Hindi****.AAC2.0.H.264.****@IncognitoTelevision****.mp4

⚡️ Join & Share ****@IncognitoTelevision**** Now ⚡️**",4,2025-10-14 16:48:28,No audio,-,-,-,-,-,-,-,-
https://t.me/c/3059600439,7.10.25,20,https://t.me/c/3059600439/1423,1423,**Kyunki.Saas.Bhi.Kabhi.Bahu.Thi.S2.E77.Mitali's.Scheme.against.Vrinda.240p.****#JioHotstar****.WEB-DL.****#Hindi****.AAC2.0.H.264.****@IncognitoTelevision****.mp4,"**Kyunki.Saas.Bhi.Kabhi.Bahu.Thi.S2.E77.Mitali's.Scheme.against.Vrinda.240p.****#JioHotstar****.WEB-DL.****#Hindi****.AAC2.0.H.264.****@IncognitoTelevision****.mp4

⚡️ Join & Share ****@IncognitoTelevision**** Now ⚡️**",4,2025-10-14 16:47:58,No audio,-,-,-,-,-,-,-,-
https://t.me/c/3059600439,7.10.25,20,https://t.me/c/3059600439/1422,1422,**Jyotsna.Ek.Unsuni.Paheli.E85.Oct.14.2025.1080p.****#SunNXT****.WEB-DL.****#Hindi****.AAC2.0.H.264.****@IncognitoTelevision****.mp4,"**Jyotsna.Ek.Unsuni.Paheli.E85.Oct.14.2025.1080p.****#SunNXT****.WEB-DL.****#Hindi****.AAC2.0.H.264.****@IncognitoTelevision****.mp4

⚡️ Join & Share ****@IncognitoTelevision**** Now ⚡️**",4,2025-10-14 16:38:08,No audio,-,-,-,-,-,-,-,-
https://t.me/c/3059600439,7.10.25,20,https://t.me/c/3059600439/1421,1421,**Jyotsna.Ek.Unsuni.Paheli.E85.Oct.14.2025.576p.****#SunNXT****.WEB-DL.****#Hindi****.AAC2.0.H.264.****@IncognitoTelevision****.mp4,"**Jyotsna.Ek.Unsuni.Paheli.E85.Oct.14.2025.576p.****#SunNXT****.WEB-DL.****#Hindi****.AAC2.0.H.264.****@IncognitoTelevision****.mp4

⚡️ Join & Share ****@IncognitoTelevision**** Now ⚡️**",4,2025-10-14 16:37:13,No audio,-,-,-,-,-,-,-,-
https://t.me/c/3059600439,7.10.25,20,https://t.me/c/3059600439/1420,1420,**Jyotsna.Ek.Unsuni.Paheli.E85.Oct.14.2025.720p.****#SunNXT****.WEB-DL.****#Hindi****.AAC2.0.H.264.****@IncognitoTelevision****.mp4,"**Jyotsna.Ek.Unsuni.Paheli.E85.Oct.14.2025.720p.****#SunNXT****.WEB-DL.****#Hindi****.AAC2.0.H.264.****@IncognitoTelevision****.mp4

⚡️ Join & Share ****@IncognitoTelevision**** Now ⚡️**",3,2025-10-14 16:37:08,No audio,-,-,-,-,-,-,-,-
https://t.me/c/3059600439,7.10.25,20,https://t.me/c/3059600439/1419,1419,**Jyotsna.Ek.Unsuni.Paheli.E85.Oct.14.2025.216p.****#SunNXT****.WEB-DL.****#Hindi****.AAC2.0.H.264.****@IncognitoTelevision****.mp4,"**Jyotsna.Ek.Unsuni.Paheli.E85.Oct.14.2025.216p.****#SunNXT****.WEB-DL.****#Hindi****.AAC2.0.H.264.****@IncognitoTelevision****.mp4

⚡️ Join & Share ****@IncognitoTelevision**** Now ⚡️**",3,2025-10-14 16:36:54,No audio,-,-,-,-,-,-,-,-
https://t.me/c/3059600439,7.10.25,20,https://t.me/c/3059600439/1418,1418,**Jyotsna.Ek.Unsuni.Paheli.E85.Oct.14.2025.360p.****#SunNXT****.WEB-DL.****#Hindi****.AAC2.0.H.264.****@IncognitoTelevision****.mp4,"**Jyotsna.Ek.Unsuni.Paheli.E85.Oct.14.2025.360p.****#SunNXT****.WEB-DL.****#Hindi****.AAC2.0.H.264.****@IncognitoTelevision****.mp4

⚡️ Join & Share ****@IncognitoTelevision**** Now ⚡️**",3,2025-10-14 16:36:14,No audio,-,-,-,-,-,-,-,-
https://t.me/c/3059600439,7.10.25,20,https://t.me/c/3059600439/1417,1417,**Jagriti.S1.E395.Geeta's.Next.Move.against.Jagriti.1080p.****#ZEE5****.WEB-DL.****#Hindi****.AAC2.0.H.264.****@IncognitoTelevision****.mp4,"**Jagriti.S1.E395.Geeta's.Next.Move.against.Jagriti.1080p.****#ZEE5****.WEB-DL.****#Hindi****.AAC2.0.H.264.****@IncognitoTelevision****.mp4

⚡️ Join & Share ****@IncognitoTelevision**** Now ⚡️**",3,2025-10-14 16:24:20,No audio,-,-,-,-,-,-,-,-
https://t.me/c/3059600439,7.10.25,20,https://t.me/c/3059600439/1416,1416,**Happu.Ki.Ultan.Paltan.S1.E1652.Happu.Wins.a.Lottery.and.Rajesh.Slips.Up.1080p.****#ZEE5****.WEB-DL.****#Hindi****.AAC2.0.H.264.****@IncognitoTelevision****.mp4,"**Happu.Ki.Ultan.Paltan.S1.E1652.Happu.Wins.a.Lottery.and.Rajesh.Slips.Up.1080p.****#ZEE5****.WEB-DL.****#Hindi****.AAC2.0.H.264.****@IncognitoTelevision****.mp4

⚡️ Join & Share ****@IncognitoTelevision**** Now ⚡️**",2,2025-10-14 16:24:16,No audio,-,-,-,-,-,-,-,-
https://t.me/c/3059600439,7.10.25,20,https://t.me/c/3059600439/1415,1415,**Happu.Ki.Ultan.Paltan.S1.E1652.Happu.Wins.a.Lottery.and.Rajesh.Slips.Up.480p.****#ZEE5****.WEB-DL.****#Hindi****.AAC2.0.H.264.****@IncognitoTelevision****.mp4,"**Happu.Ki.Ultan.Paltan.S1.E1652.Happu.Wins.a.Lottery.and.Rajesh.Slips.Up.480p.****#ZEE5****.WEB-DL.****#Hindi****.AAC2.0.H.264.****@IncognitoTelevision****.mp4

⚡️ Join & Share ****@IncognitoTelevision**** Now ⚡️**",2,2025-10-14 16:24:12,No audio,-,-,-,-,-,-,-,-
https://t.me/c/3059600439,7.10.25,20,https://t.me/c/3059600439/1414,1414,**Happu.Ki.Ultan.Paltan.S1.E1652.Happu.Wins.a.Lottery.and.Rajesh.Slips.Up.360p.****#ZEE5****.WEB-DL.****#Hindi****.AAC2.0.H.264.****@IncognitoTelevision****.mp4,"**Happu.Ki.Ultan.Paltan.S1.E1652.Happu.Wins.a.Lottery.and.Rajesh.Slips.Up.360p.****#ZEE5****.WEB-DL.****#Hindi****.AAC2.0.H.264.****@IncognitoTelevision****.mp4

⚡️ Join & Share ****@IncognitoTelevision**** Now ⚡️**",2,2025-10-14 16:22:52,No audio,-,-,-,-,-,-,-,-
https://t.me/c/3059600439,7.10.25,20,https://t.me/c/3059600439/1413,1413,**Jagriti.S1.E395.Geeta's.Next.Move.against.Jagriti.360p.****#ZEE5****.WEB-DL.****#Hindi****.AAC2.0.H.264.****@IncognitoTelevision****.mp4,"**Jagriti.S1.E395.Geeta's.Next.Move.against.Jagriti.360p.****#ZEE5****.WEB-DL.****#Hindi****.AAC2.0.H.264.****@IncognitoTelevision****.mp4

⚡️ Join & Share ****@IncognitoTelevision**** Now ⚡️**",2,2025-10-14 16:22:13,No audio,-,-,-,-,-,-,-,-
https://t.me/c/3059600439,7.10.25,20,https://t.me/c/3059600439/1412,1412,**Happu.Ki.Ultan.Paltan.S1.E1652.Happu.Wins.a.Lottery.and.Rajesh.Slips.Up.240p.****#ZEE5****.WEB-DL.****#Hindi****.AAC2.0.H.264.****@IncognitoTelevision****.mp4,"**Happu.Ki.Ultan.Paltan.S1.E1652.Happu.Wins.a.Lottery.and.Rajesh.Slips.Up.240p.****#ZEE5****.WEB-DL.****#Hindi****.AAC2.0.H.264.****@IncognitoTelevision****.mp4

⚡️ Join & Share ****@IncognitoTelevision**** Now ⚡️**",3,2025-10-14 16:22:12,No audio,-,-,-,-,-,-,-,-
https://t.me/c/3059600439,7.10.25,20,https://t.me/c/3059600439/1411,1411,**Jagriti.S1.E395.Geeta's.Next.Move.against.Jagriti.720p.****#ZEE5****.WEB-DL.****#Hindi****.AAC2.0.H.264.****@IncognitoTelevision****.mp4,"**Jagriti.S1.E395.Geeta's.Next.Move.against.Jagriti.720p.****#ZEE5****.WEB-DL.****#Hindi****.AAC2.0.H.264.****@IncognitoTelevision****.mp4

⚡️ Join & Share ****@IncognitoTelevision**** Now ⚡️**",3,2025-10-14 16:21:50,No audio,-,-,-,-,-,-,-,-
https://t.me/c/3059600439,7.10.25,20,https://t.me/c/3059600439/1410,1410,**Happu.Ki.Ultan.Paltan.S1.E1652.Happu.Wins.a.Lottery.and.Rajesh.Slips.Up.720p.****#ZEE5****.WEB-DL.****#Hindi****.AAC2.0.H.264.****@IncognitoTelevision****.mp4,"**Happu.Ki.Ultan.Paltan.S1.E1652.Happu.Wins.a.Lottery.and.Rajesh.Slips.Up.720p.****#ZEE5****.WEB-DL.****#Hindi****.AAC2.0.H.264.****@IncognitoTelevision****.mp4

⚡️ Join & Share ****@IncognitoTelevision**** Now ⚡️**",2,2025-10-14 16:21:20,No audio,-,-,-,-,-,-,-,-
https://t.me/c/3059600439,7.10.25,20,https://t.me/c/3059600439/1409,1409,**Jagriti.S1.E395.Geeta's.Next.Move.against.Jagriti.240p.****#ZEE5****.WEB-DL.****#Hindi****.AAC2.0.H.264.****@IncognitoTelevision****.mp4,"**Jagriti.S1.E395.Geeta's.Next.Move.against.Jagriti.240p.****#ZEE5****.WEB-DL.****#Hindi****.AAC2.0.H.264.****@IncognitoTelevision****.mp4

⚡️ Join & Share ****@IncognitoTelevision**** Now ⚡️**",2,2025-10-14 16:21:13,No audio,-,-,-,-,-,-,-,-
https://t.me/c/3059600439,7.10.25,20,https://t.me/c/3059600439/1408,1408,**Jagriti.S1.E395.Geeta's.Next.Move.against.Jagriti.480p.****#ZEE5****.WEB-DL.****#Hindi****.AAC2.0.H.264.****@IncognitoTelevision****.mp4,"**Jagriti.S1.E395.Geeta's.Next.Move.against.Jagriti.480p.****#ZEE5****.WEB-DL.****#Hindi****.AAC2.0.H.264.****@IncognitoTelevision****.mp4

⚡️ Join & Share ****@IncognitoTelevision**** Now ⚡️**",2,2025-10-14 16:20:33,No audio,-,-,-,-,-,-,-,-
https://t.me/c/3059600439,7.10.25,20,https://t.me/c/3059600439/1407,1407,**PARO.SANG.DEV.EP.20.PARO.SANG.DEV.EP.20.720p.****#DangalPlay****.WEB-DL.****#Hindi****.AAC2.0.H.264.****@IncognitoTelevision****.mp4,"**PARO.SANG.DEV.EP.20.PARO.SANG.DEV.EP.20.720p.****#DangalPlay****.WEB-DL.****#Hindi****.AAC2.0.H.264.****@IncognitoTelevision****.mp4

⚡️ Join & Share ****@IncognitoTelevision**** Now ⚡️**",3,2025-10-14 16:06:20,No audio,-,-,-,-,-,-,-,-
https://t.me/c/3059600439,7.10.25,20,https://t.me/c/3059600439/1406,1406,**Prathaon.Ki.Odhe.Chunri.Beendani.E64.Oct.14.2025.1080p.****#SunNXT****.WEB-DL.****#Hindi****.AAC2.0.H.264.****@IncognitoTelevision****.mp4,"**Prathaon.Ki.Odhe.Chunri.Beendani.E64.Oct.14.2025.1080p.****#SunNXT****.WEB-DL.****#Hindi****.AAC2.0.H.264.****@IncognitoTelevision****.mp4

⚡️ Join & Share ****@IncognitoTelevision**** Now ⚡️**",3,2025-10-14 16:06:13,No audio,-,-,-,-,-,-,-,-
https://t.me/c/3059600439,7.10.25,20,https://t.me/c/3059600439/1405,1405,**PARO.SANG.DEV.EP.20.PARO.SANG.DEV.EP.20.480p.****#DangalPlay****.WEB-DL.****#Hindi****.AAC2.0.H.264.****@IncognitoTelevision****.mp4,"**PARO.SANG.DEV.EP.20.PARO.SANG.DEV.EP.20.480p.****#DangalPlay****.WEB-DL.****#Hindi****.AAC2.0.H.264.****@IncognitoTelevision****.mp4

⚡️ Join & Share ****@IncognitoTelevision**** Now ⚡️**",3,2025-10-14 16:06:12,No audio,-,-,-,-,-,-,-,-
https://t.me/c/3059600439,7.10.25,20,https://t.me/c/3059600439/1404,1404,**PARO.SANG.DEV.EP.20.PARO.SANG.DEV.EP.20.360p.****#DangalPlay****.WEB-DL.****#Hindi****.AAC2.0.H.264.****@IncognitoTelevision****.mp4,"**PARO.SANG.DEV.EP.20.PARO.SANG.DEV.EP.20.360p.****#DangalPlay****.WEB-DL.****#Hindi****.AAC2.0.H.264.****@IncognitoTelevision****.mp4

⚡️ Join & Share ****@IncognitoTelevision**** Now ⚡️**",2,2025-10-14 16:06:11,No audio,-,-,-,-,-,-,-,-
https://t.me/c/3059600439,7.10.25,20,https://t.me/c/3059600439/1403,1403,**PARO.SANG.DEV.EP.20.PARO.SANG.DEV.EP.20.240p.****#DangalPlay****.WEB-DL.****#Hindi****.AAC2.0.H.264.****@IncognitoTelevision****.mp4,"**PARO.SANG.DEV.EP.20.PARO.SANG.DEV.EP.20.240p.****#DangalPlay****.WEB-DL.****#Hindi****.AAC2.0.H.264.****@IncognitoTelevision****.mp4

⚡️ Join & Share ****@IncognitoTelevision**** Now ⚡️**",3,2025-10-14 16:05:51,No audio,-,-,-,-,-,-,-,-
https://t.me/c/3059600439,7.10.25,20,https://t.me/c/3059600439/1402,1402,**BADE.GHAR.KI.CHOTI.BAHU.EP.104.720p.****#DangalPlay****.WEB-DL.****#Hindi****.AAC2.0.H.264.****@IncognitoTelevision****.mp4,"**BADE.GHAR.KI.CHOTI.BAHU.EP.104.720p.****#DangalPlay****.WEB-DL.****#Hindi****.AAC2.0.H.264.****@IncognitoTelevision****.mp4

⚡️ Join & Share ****@IncognitoTelevision**** Now ⚡️**",3,2025-10-14 16:05:46,No audio,-,-,-,-,-,-,-,-
https://t.me/c/3059600439,7.10.25,20,https://t.me/c/3059600439/1401,1401,**BADE.GHAR.KI.CHOTI.BAHU.EP.104.480p.****#DangalPlay****.WEB-DL.****#Hindi****.AAC2.0.H.264.****@IncognitoTelevision****.mp4,"**BADE.GHAR.KI.CHOTI.BAHU.EP.104.480p.****#DangalPlay****.WEB-DL.****#Hindi****.AAC2.0.H.264.****@IncognitoTelevision****.mp4

⚡️ Join & Share ****@IncognitoTelevision**** Now ⚡️**",2,2025-10-14 16:05:28,No audio,-,-,-,-,-,-,-,-
https://t.me/c/3059600439,7.10.25,20,https://t.me/c/3059600439/1400,1400,**BADE.GHAR.KI.CHOTI.BAHU.EP.104.240p.****#DangalPlay****.WEB-DL.****#Hindi****.AAC2.0.H.264.****@IncognitoTelevision****.mp4,"**BADE.GHAR.KI.CHOTI.BAHU.EP.104.240p.****#DangalPlay****.WEB-DL.****#Hindi****.AAC2.0.H.264.****@IncognitoTelevision****.mp4

⚡️ Join & Share ****@IncognitoTelevision**** Now ⚡️**",2,2025-10-14 16:05:27,No audio,-,-,-,-,-,-,-,-
https://t.me/c/3059600439,7.10.25,20,https://t.me/c/3059600439/1399,1399,**Prathaon.Ki.Odhe.Chunri.Beendani.E64.Oct.14.2025.720p.****#SunNXT****.WEB-DL.****#Hindi****.AAC2.0.H.264.****@IncognitoTelevision****.mp4,"**Prathaon.Ki.Odhe.Chunri.Beendani.E64.Oct.14.2025.720p.****#SunNXT****.WEB-DL.****#Hindi****.AAC2.0.H.264.****@IncognitoTelevision****.mp4

⚡️ Join & Share ****@IncognitoTelevision**** Now ⚡️**",2,2025-10-14 16:05:26,No audio,-,-,-,-,-,-,-,-
https://t.me/c/3059600439,7.10.25,20,https://t.me/c/3059600439/1398,1398,**BADE.GHAR.KI.CHOTI.BAHU.EP.104.360p.****#DangalPlay****.WEB-DL.****#Hindi****.AAC2.0.H.264.****@IncognitoTelevision****.mp4,"**BADE.GHAR.KI.CHOTI.BAHU.EP.104.360p.****#DangalPlay****.WEB-DL.****#Hindi****.AAC2.0.H.264.****@IncognitoTelevision****.mp4

⚡️ Join & Share ****@IncognitoTelevision**** Now ⚡️**",2,2025-10-14 16:05:26,No audio,-,-,-,-,-,-,-,-
https://t.me/c/3059600439,7.10.25,20,https://t.me/c/3059600439/1397,1397,**Prathaon.Ki.Odhe.Chunri.Beendani.E64.Oct.14.2025.576p.****#SunNXT****.WEB-DL.****#Hindi****.AAC2.0.H.264.****@IncognitoTelevision****.mp4,"**Prathaon.Ki.Odhe.Chunri.Beendani.E64.Oct.14.2025.576p.****#SunNXT****.WEB-DL.****#Hindi****.AAC2.0.H.264.****@IncognitoTelevision****.mp4

⚡️ Join & Share ****@IncognitoTelevision**** Now ⚡️**",3,2025-10-14 16:04:27,No audio,-,-,-,-,-,-,-,-
https://t.me/c/3059600439,7.10.25,20,https://t.me/c/3059600439/1396,1396,**Prathaon.Ki.Odhe.Chunri.Beendani.E64.Oct.14.2025.360p.****#SunNXT****.WEB-DL.****#Hindi****.AAC2.0.H.264.****@IncognitoTelevision****.mp4,"**Prathaon.Ki.Odhe.Chunri.Beendani.E64.Oct.14.2025.360p.****#SunNXT****.WEB-DL.****#Hindi****.AAC2.0.H.264.****@IncognitoTelevision****.mp4

⚡️ Join & Share ****@IncognitoTelevision**** Now ⚡️**",3,2025-10-14 16:04:11,No audio,-,-,-,-,-,-,-,-
https://t.me/c/3059600439,7.10.25,20,https://t.me/c/3059600439/1395,1395,**Pushpa.Impossible.E1050.Deepti.Breaks.Down.1080p.****#SonyLIV****.WEB-DL.****#Hindi****.AAC2.0.H.264.****@IncognitoTelevision****.mp4,"**Pushpa.Impossible.E1050.Deepti.Breaks.Down.1080p.****#SonyLIV****.WEB-DL.****#Hindi****.AAC2.0.H.264.****@IncognitoTelevision****.mp4

⚡️ Join & Share ****@IncognitoTelevision**** Now ⚡️**",2,2025-10-14 16:03:53,No audio,-,-,-,-,-,-,-,-
https://t.me/c/3059600439,7.10.25,20,https://t.me/c/3059600439/1394,1394,**Prathaon.Ki.Odhe.Chunri.Beendani.E64.Oct.14.2025.216p.****#SunNXT****.WEB-DL.****#Hindi****.AAC2.0.H.264.****@IncognitoTelevision****.mp4,"**Prathaon.Ki.Odhe.Chunri.Beendani.E64.Oct.14.2025.216p.****#SunNXT****.WEB-DL.****#Hindi****.AAC2.0.H.264.****@IncognitoTelevision****.mp4

⚡️ Join & Share ****@IncognitoTelevision**** Now ⚡️**",2,2025-10-14 16:03:52,No audio,-,-,-,-,-,-,-,-
https://t.me/c/3059600439,7.10.25,20,https://t.me/c/3059600439/1393,1393,**Pushpa.Impossible.E1050.Deepti.Breaks.Down.720p.****#SonyLIV****.WEB-DL.****#Hindi****.AAC2.0.H.264.****@IncognitoTelevision****.mp4,"**Pushpa.Impossible.E1050.Deepti.Breaks.Down.720p.****#SonyLIV****.WEB-DL.****#Hindi****.AAC2.0.H.264.****@IncognitoTelevision****.mp4

⚡️ Join & Share ****@IncognitoTelevision**** Now ⚡️**",2,2025-10-14 16:02:57,No audio,-,-,-,-,-,-,-,-
https://t.me/c/3059600439,7.10.25,20,https://t.me/c/3059600439/1392,1392,**Manpasand.Ki.Shaadi.S1.E47.Aarohi.Fights.for.Abhishek.1080p.****#JioHotstar****.WEB-DL.****#Hindi****.AAC2.0.H.264.****@IncognitoTelevision****.mp4,"**Manpasand.Ki.Shaadi.S1.E47.Aarohi.Fights.for.Abhishek.1080p.****#JioHotstar****.WEB-DL.****#Hindi****.AAC2.0.H.264.****@IncognitoTelevision****.mp4

⚡️ Join & Share ****@IncognitoTelevision**** Now ⚡️**",3,2025-10-14 16:02:57,No audio,-,-,-,-,-,-,-,-
https://t.me/c/3059600439,7.10.25,20,https://t.me/c/3059600439/1391,1391,**Manpasand.Ki.Shaadi.S1.E47.Aarohi.Fights.for.Abhishek.720p.****#JioHotstar****.WEB-DL.****#Hindi****.AAC2.0.H.264.****@IncognitoTelevision****.mp4,"**Manpasand.Ki.Shaadi.S1.E47.Aarohi.Fights.for.Abhishek.720p.****#JioHotstar****.WEB-DL.****#Hindi****.AAC2.0.H.264.****@IncognitoTelevision****.mp4

⚡️ Join & Share ****@IncognitoTelevision**** Now ⚡️**",3,2025-10-14 16:02:55,No audio,-,-,-,-,-,-,-,-
https://t.me/c/3059600439,7.10.25,20,https://t.me/c/3059600439/1390,1390,**Manpasand.Ki.Shaadi.S1.E47.Aarohi.Fights.for.Abhishek.480p.****#JioHotstar****.WEB-DL.****#Hindi****.AAC2.0.H.264.****@IncognitoTelevision****.mp4,"**Manpasand.Ki.Shaadi.S1.E47.Aarohi.Fights.for.Abhishek.480p.****#JioHotstar****.WEB-DL.****#Hindi****.AAC2.0.H.264.****@IncognitoTelevision****.mp4

⚡️ Join & Share ****@IncognitoTelevision**** Now ⚡️**",2,2025-10-14 16:02:15,No audio,-,-,-,-,-,-,-,-
https://t.me/c/3059600439,7.10.25,20,https://t.me/c/3059600439/1389,1389,**Pushpa.Impossible.E1050.Deepti.Breaks.Down.540p.****#SonyLIV****.WEB-DL.****#Hindi****.AAC2.0.H.264.****@IncognitoTelevision****.mp4,"**Pushpa.Impossible.E1050.Deepti.Breaks.Down.540p.****#SonyLIV****.WEB-DL.****#Hindi****.AAC2.0.H.264.****@IncognitoTelevision****.mp4

⚡️ Join & Share ****@IncognitoTelevision**** Now ⚡️**",2,2025-10-14 16:01:55,No audio,-,-,-,-,-,-,-,-
https://t.me/c/3059600439,7.10.25,20,https://t.me/c/3059600439/1388,1388,**Manpasand.Ki.Shaadi.S1.E47.Aarohi.Fights.for.Abhishek.360p.****#JioHotstar****.WEB-DL.****#Hindi****.AAC2.0.H.264.****@IncognitoTelevision****.mp4,"**Manpasand.Ki.Shaadi.S1.E47.Aarohi.Fights.for.Abhishek.360p.****#JioHotstar****.WEB-DL.****#Hindi****.AAC2.0.H.264.****@IncognitoTelevision****.mp4

⚡️ Join & Share ****@IncognitoTelevision**** Now ⚡️**",2,2025-10-14 16:01:29,No audio,-,-,-,-,-,-,-,-
https://t.me/c/3059600439,7.10.25,20,https://t.me/c/3059600439/1387,1387,**Manpasand.Ki.Shaadi.S1.E47.Aarohi.Fights.for.Abhishek.240p.****#JioHotstar****.WEB-DL.****#Hindi****.AAC2.0.H.264.****@IncognitoTelevision****.mp4,"**Manpasand.Ki.Shaadi.S1.E47.Aarohi.Fights.for.Abhishek.240p.****#JioHotstar****.WEB-DL.****#Hindi****.AAC2.0.H.264.****@IncognitoTelevision****.mp4

⚡️ Join & Share ****@IncognitoTelevision**** Now ⚡️**",3,2025-10-14 16:01:24,No audio,-,-,-,-,-,-,-,-
https://t.me/c/3059600439,7.10.25,20,https://t.me/c/3059600439/1386,1386,**Pushpa.Impossible.E1050.Deepti.Breaks.Down.360p.****#SonyLIV****.WEB-DL.****#Hindi****.AAC2.0.H.264.****@IncognitoTelevision****.mp4,"**Pushpa.Impossible.E1050.Deepti.Breaks.Down.360p.****#SonyLIV****.WEB-DL.****#Hindi****.AAC2.0.H.264.****@IncognitoTelevision****.mp4

⚡️ Join & Share ****@IncognitoTelevision**** Now ⚡️**",3,2025-10-14 16:01:19,No audio,-,-,-,-,-,-,-,-
https://t.me/c/3059600439,7.10.25,20,https://t.me/c/3059600439/1385,1385,**Pushpa.Impossible.E1050.Deepti.Breaks.Down.240p.****#SonyLIV****.WEB-DL.****#Hindi****.AAC2.0.H.264.****@IncognitoTelevision****.mp4,"**Pushpa.Impossible.E1050.Deepti.Breaks.Down.240p.****#SonyLIV****.WEB-DL.****#Hindi****.AAC2.0.H.264.****@IncognitoTelevision****.mp4

⚡️ Join & Share ****@IncognitoTelevision**** Now ⚡️**",3,2025-10-14 16:01:11,No audio,-,-,-,-,-,-,-,-
https://t.me/c/3059600439,7.10.25,20,https://t.me/c/3059600439/1384,1384,**Vasudha.S1.E355.Vasudha.October.14.2025.1080p.****#ZEE5****.WEB-DL.****#Hindi****.AAC2.0.H.264.****@IncognitoTelevision****.mp4,"**Vasudha.S1.E355.Vasudha.October.14.2025.1080p.****#ZEE5****.WEB-DL.****#Hindi****.AAC2.0.H.264.****@IncognitoTelevision****.mp4

⚡️ Join & Share ****@IncognitoTelevision**** Now ⚡️**",2,2025-10-14 15:57:35,No audio,-,-,-,-,-,-,-,-
https://t.me/c/3059600439,7.10.25,20,https://t.me/c/3059600439/1383,1383,**Vasudha.S1.E355.Vasudha.October.14.2025.360p.****#ZEE5****.WEB-DL.****#Hindi****.AAC2.0.H.264.****@IncognitoTelevision****.mp4,"**Vasudha.S1.E355.Vasudha.October.14.2025.360p.****#ZEE5****.WEB-DL.****#Hindi****.AAC2.0.H.264.****@IncognitoTelevision****.mp4

⚡️ Join & Share ****@IncognitoTelevision**** Now ⚡️**",2,2025-10-14 15:51:53,No audio,-,-,-,-,-,-,-,-
https://t.me/c/3059600439,7.10.25,20,https://t.me/c/3059600439/1382,1382,**Vasudha.S1.E355.Vasudha.October.14.2025.720p.****#ZEE5****.WEB-DL.****#Hindi****.AAC2.0.H.264.****@IncognitoTelevision****.mp4,"**Vasudha.S1.E355.Vasudha.October.14.2025.720p.****#ZEE5****.WEB-DL.****#Hindi****.AAC2.0.H.264.****@IncognitoTelevision****.mp4

⚡️ Join & Share ****@IncognitoTelevision**** Now ⚡️**",2,2025-10-14 15:51:07,No audio,-,-,-,-,-,-,-,-
https://t.me/c/3059600439,7.10.25,20,https://t.me/c/3059600439/1381,1381,**Vasudha.S1.E355.Vasudha.October.14.2025.240p.****#ZEE5****.WEB-DL.****#Hindi****.AAC2.0.H.264.****@IncognitoTelevision****.mp4,"**Vasudha.S1.E355.Vasudha.October.14.2025.240p.****#ZEE5****.WEB-DL.****#Hindi****.AAC2.0.H.264.****@IncognitoTelevision****.mp4

⚡️ Join & Share ****@IncognitoTelevision**** Now ⚡️**",2,2025-10-14 15:50:40,No audio,-,-,-,-,-,-,-,-
https://t.me/c/3059600439,7.10.25,20,https://t.me/c/3059600439/1380,1380,**Vasudha.S1.E355.Vasudha.October.14.2025.480p.****#ZEE5****.WEB-DL.****#Hindi****.AAC2.0.H.264.****@IncognitoTelevision****.mp4,"**Vasudha.S1.E355.Vasudha.October.14.2025.480p.****#ZEE5****.WEB-DL.****#Hindi****.AAC2.0.H.264.****@IncognitoTelevision****.mp4

⚡️ Join & Share ****@IncognitoTelevision**** Now ⚡️**",2,2025-10-14 15:50:24,No audio,-,-,-,-,-,-,-,-
https://t.me/c/3059600439,7.10.25,20,https://t.me/c/3059600439/1379,1379,**Divya.Prem.E121.Oct.14.2025.1080p.****#SunNXT****.WEB-DL.****#Hindi****.AAC2.0.H.264.****@IncognitoTelevision****.mp4,"**Divya.Prem.E121.Oct.14.2025.1080p.****#SunNXT****.WEB-DL.****#Hindi****.AAC2.0.H.264.****@IncognitoTelevision****.mp4

⚡️ Join & Share ****@IncognitoTelevision**** Now ⚡️**",2,2025-10-14 15:35:12,No audio,-,-,-,-,-,-,-,-
https://t.me/c/3059600439,7.10.25,20,https://t.me/c/3059600439/1378,1378,**RIMJHIM.EP.2.720p.****#DangalPlay****.WEB-DL.****#Hindi****.AAC2.0.H.264.****@IncognitoTelevision****.mp4,"**RIMJHIM.EP.2.720p.****#DangalPlay****.WEB-DL.****#Hindi****.AAC2.0.H.264.****@IncognitoTelevision****.mp4

⚡️ Join & Share ****@IncognitoTelevision**** Now ⚡️**",2,2025-10-14 15:35:04,No audio,-,-,-,-,-,-,-,-
https://t.me/c/3059600439,7.10.25,20,https://t.me/c/3059600439/1377,1377,**RIMJHIM.EP.2.480p.****#DangalPlay****.WEB-DL.****#Hindi****.AAC2.0.H.264.****@IncognitoTelevision****.mp4,"**RIMJHIM.EP.2.480p.****#DangalPlay****.WEB-DL.****#Hindi****.AAC2.0.H.264.****@IncognitoTelevision****.mp4

⚡️ Join & Share ****@IncognitoTelevision**** Now ⚡️**",3,2025-10-14 15:34:47,No audio,-,-,-,-,-,-,-,-
https://t.me/c/3059600439,7.10.25,20,https://t.me/c/3059600439/1376,1376,**RIMJHIM.EP.2.240p.****#DangalPlay****.WEB-DL.****#Hindi****.AAC2.0.H.264.****@IncognitoTelevision****.mp4,"**RIMJHIM.EP.2.240p.****#DangalPlay****.WEB-DL.****#Hindi****.AAC2.0.H.264.****@IncognitoTelevision****.mp4

⚡️ Join & Share ****@IncognitoTelevision**** Now ⚡️**",3,2025-10-14 15:34:16,No audio,-,-,-,-,-,-,-,-
https://t.me/c/3059600439,7.10.25,20,https://t.me/c/3059600439/1375,1375,**RIMJHIM.EP.2.360p.****#DangalPlay****.WEB-DL.****#Hindi****.AAC2.0.H.264.****@IncognitoTelevision****.mp4,"**RIMJHIM.EP.2.360p.****#DangalPlay****.WEB-DL.****#Hindi****.AAC2.0.H.264.****@IncognitoTelevision****.mp4

⚡️ Join & Share ****@IncognitoTelevision**** Now ⚡️**",2,2025-10-14 15:34:16,No audio,-,-,-,-,-,-,-,-
https://t.me/c/3059600439,7.10.25,20,https://t.me/c/3059600439/1374,1374,**Divya.Prem.E121.Oct.14.2025.720p.****#SunNXT****.WEB-DL.****#Hindi****.AAC2.0.H.264.****@IncognitoTelevision****.mp4,"**Divya.Prem.E121.Oct.14.2025.720p.****#SunNXT****.WEB-DL.****#Hindi****.AAC2.0.H.264.****@IncognitoTelevision****.mp4

⚡️ Join & Share ****@IncognitoTelevision**** Now ⚡️**",2,2025-10-14 15:34:00,No audio,-,-,-,-,-,-,-,-
https://t.me/c/3059600439,7.10.25,20,https://t.me/c/3059600439/1373,1373,**Divya.Prem.E121.Oct.14.2025.576p.****#SunNXT****.WEB-DL.****#Hindi****.AAC2.0.H.264.****@IncognitoTelevision****.mp4,"**Divya.Prem.E121.Oct.14.2025.576p.****#SunNXT****.WEB-DL.****#Hindi****.AAC2.0.H.264.****@IncognitoTelevision****.mp4

⚡️ Join & Share ****@IncognitoTelevision**** Now ⚡️**",3,2025-10-14 15:33:32,No audio,-,-,-,-,-,-,-,-
https://t.me/c/3059600439,7.10.25,20,https://t.me/c/3059600439/1372,1372,**Divya.Prem.E121.Oct.14.2025.360p.****#SunNXT****.WEB-DL.****#Hindi****.AAC2.0.H.264.****@IncognitoTelevision****.mp4,"**Divya.Prem.E121.Oct.14.2025.360p.****#SunNXT****.WEB-DL.****#Hindi****.AAC2.0.H.264.****@IncognitoTelevision****.mp4

⚡️ Join & Share ****@IncognitoTelevision**** Now ⚡️**",3,2025-10-14 15:32:56,No audio,-,-,-,-,-,-,-,-
https://t.me/c/3059600439,7.10.25,20,https://t.me/c/3059600439/1371,1371,**Divya.Prem.E121.Oct.14.2025.216p.****#SunNXT****.WEB-DL.****#Hindi****.AAC2.0.H.264.****@IncognitoTelevision****.mp4,"**Divya.Prem.E121.Oct.14.2025.216p.****#SunNXT****.WEB-DL.****#Hindi****.AAC2.0.H.264.****@IncognitoTelevision****.mp4

⚡️ Join & Share ****@IncognitoTelevision**** Now ⚡️**",2,2025-10-14 15:32:43,No audio,-,-,-,-,-,-,-,-
https://t.me/c/3059600439,7.10.25,20,https://t.me/c/3059600439/1370,1370,**Itti.Si.Khushi.E50.Hetal.Gets.Exposed.1080p.****#SonyLIV****.WEB-DL.****#Hindi****.AAC2.0.H.264.****@IncognitoTelevision****.mp4,"**Itti.Si.Khushi.E50.Hetal.Gets.Exposed.1080p.****#SonyLIV****.WEB-DL.****#Hindi****.AAC2.0.H.264.****@IncognitoTelevision****.mp4

⚡️ Join & Share ****@IncognitoTelevision**** Now ⚡️**",2,2025-10-14 15:32:11,No audio,-,-,-,-,-,-,-,-
https://t.me/c/3059600439,7.10.25,20,https://t.me/c/3059600439/1369,1369,**Itti.Si.Khushi.E50.Hetal.Gets.Exposed.720p.****#SonyLIV****.WEB-DL.****#Hindi****.AAC2.0.H.264.****@IncognitoTelevision****.mp4,"**Itti.Si.Khushi.E50.Hetal.Gets.Exposed.720p.****#SonyLIV****.WEB-DL.****#Hindi****.AAC2.0.H.264.****@IncognitoTelevision****.mp4

⚡️ Join & Share ****@IncognitoTelevision**** Now ⚡️**",2,2025-10-14 15:31:46,No audio,-,-,-,-,-,-,-,-
https://t.me/c/3059600439,7.10.25,20,https://t.me/c/3059600439/1368,1368,**Itti.Si.Khushi.E50.Hetal.Gets.Exposed.540p.****#SonyLIV****.WEB-DL.****#Hindi****.AAC2.0.H.264.****@IncognitoTelevision****.mp4,"**Itti.Si.Khushi.E50.Hetal.Gets.Exposed.540p.****#SonyLIV****.WEB-DL.****#Hindi****.AAC2.0.H.264.****@IncognitoTelevision****.mp4

⚡️ Join & Share ****@IncognitoTelevision**** Now ⚡️**",2,2025-10-14 15:31:34,No audio,-,-,-,-,-,-,-,-
https://t.me/c/3059600439,7.10.25,20,https://t.me/c/3059600439/1367,1367,**Itti.Si.Khushi.E50.Hetal.Gets.Exposed.360p.****#SonyLIV****.WEB-DL.****#Hindi****.AAC2.0.H.264.****@IncognitoTelevision****.mp4,"**Itti.Si.Khushi.E50.Hetal.Gets.Exposed.360p.****#SonyLIV****.WEB-DL.****#Hindi****.AAC2.0.H.264.****@IncognitoTelevision****.mp4

⚡️ Join & Share ****@IncognitoTelevision**** Now ⚡️**",2,2025-10-14 15:31:10,No audio,-,-,-,-,-,-,-,-
https://t.me/c/3059600439,7.10.25,20,https://t.me/c/3059600439/1366,1366,**Itti.Si.Khushi.E50.Hetal.Gets.Exposed.240p.****#SonyLIV****.WEB-DL.****#Hindi****.AAC2.0.H.264.****@IncognitoTelevision****.mp4,"**Itti.Si.Khushi.E50.Hetal.Gets.Exposed.240p.****#SonyLIV****.WEB-DL.****#Hindi****.AAC2.0.H.264.****@IncognitoTelevision****.mp4

⚡️ Join & Share ****@IncognitoTelevision**** Now ⚡️**",2,2025-10-14 15:31:00,No audio,-,-,-,-,-,-,-,-
https://t.me/c/3059600439,7.10.25,20,https://t.me/c/3059600439/1365,1365,**Ganga.Mai.Ki.Betiyan.S1.E23.Ganga.Mai.Ki.Betiyan.October.14.2025.480p.****#ZEE5****.WEB-DL.****#Hindi****.AAC2.0.H.264.****@IncognitoTelevision****.mp4,"**Ganga.Mai.Ki.Betiyan.S1.E23.Ganga.Mai.Ki.Betiyan.October.14.2025.480p.****#ZEE5****.WEB-DL.****#Hindi****.AAC2.0.H.264.****@IncognitoTelevision****.mp4

⚡️ Join & Share ****@IncognitoTelevision**** Now ⚡️**",2,2025-10-14 15:23:14,No audio,-,-,-,-,-,-,-,-
https://t.me/c/3059600439,7.10.25,20,https://t.me/c/3059600439/1364,1364,**Ganga.Mai.Ki.Betiyan.S1.E23.Ganga.Mai.Ki.Betiyan.October.14.2025.1080p.****#ZEE5****.WEB-DL.****#Hindi****.AAC2.0.H.264.****@IncognitoTelevision****.mp4,"**Ganga.Mai.Ki.Betiyan.S1.E23.Ganga.Mai.Ki.Betiyan.October.14.2025.1080p.****#ZEE5****.WEB-DL.****#Hindi****.AAC2.0.H.264.****@IncognitoTelevision****.mp4

⚡️ Join & Share ****@IncognitoTelevision**** Now ⚡️**",2,2025-10-14 15:22:02,No audio,-,-,-,-,-,-,-,-
https://t.me/c/3059600439,7.10.25,20,https://t.me/c/3059600439/1363,1363,**Ganga.Mai.Ki.Betiyan.S1.E23.Ganga.Mai.Ki.Betiyan.October.14.2025.720p.****#ZEE5****.WEB-DL.****#Hindi****.AAC2.0.H.264.****@IncognitoTelevision****.mp4,"**Ganga.Mai.Ki.Betiyan.S1.E23.Ganga.Mai.Ki.Betiyan.October.14.2025.720p.****#ZEE5****.WEB-DL.****#Hindi****.AAC2.0.H.264.****@IncognitoTelevision****.mp4

⚡️ Join & Share ****@IncognitoTelevision**** Now ⚡️**",2,2025-10-14 15:21:52,No audio,-,-,-,-,-,-,-,-
https://t.me/c/3059600439,7.10.25,20,https://t.me/c/3059600439/1362,1362,**Ganga.Mai.Ki.Betiyan.S1.E23.Ganga.Mai.Ki.Betiyan.October.14.2025.360p.****#ZEE5****.WEB-DL.****#Hindi****.AAC2.0.H.264.****@IncognitoTelevision****.mp4,"**Ganga.Mai.Ki.Betiyan.S1.E23.Ganga.Mai.Ki.Betiyan.October.14.2025.360p.****#ZEE5****.WEB-DL.****#Hindi****.AAC2.0.H.264.****@IncognitoTelevision****.mp4

⚡️ Join & Share ****@IncognitoTelevision**** Now ⚡️**",3,2025-10-14 15:21:40,No audio,-,-,-,-,-,-,-,-
https://t.me/c/3059600439,7.10.25,20,https://t.me/c/3059600439/1361,1361,**Ganga.Mai.Ki.Betiyan.S1.E23.Ganga.Mai.Ki.Betiyan.October.14.2025.240p.****#ZEE5****.WEB-DL.****#Hindi****.AAC2.0.H.264.****@IncognitoTelevision****.mp4,"**Ganga.Mai.Ki.Betiyan.S1.E23.Ganga.Mai.Ki.Betiyan.October.14.2025.240p.****#ZEE5****.WEB-DL.****#Hindi****.AAC2.0.H.264.****@IncognitoTelevision****.mp4

⚡️ Join & Share ****@IncognitoTelevision**** Now ⚡️**",2,2025-10-14 15:21:26,No audio,-,-,-,-,-,-,-,-
https://t.me/c/3059600439,7.10.25,20,https://t.me/c/3059600439/1360,1360,Annam 14-10-2025,"Annam 14-10-2025 

Main Channel @IncognitoTelevision",1,2025-10-14 15:07:51,No audio,-,-,-,-,-,-,-,-
https://t.me/c/3059600439,7.10.25,20,https://t.me/c/3059600439/1359,1359,Marumagal 14-10-2025,"Marumagal 14-10-2025 

Main Channel @IncognitoTelevision",1,2025-10-14 15:07:51,No audio,-,-,-,-,-,-,-,-
https://t.me/c/3059600439,7.10.25,20,https://t.me/c/3059600439/1358,1358,Biggboss Video Updated ✅,"Biggboss Video Updated ✅

@IncognitoTelevision

Heart Beat S2 Video Updated ✅

@IncognitoTelevision

-------------------------------------------------------------",1,2025-10-14 15:07:51,No audio,-,-,-,-,-,-,-,-
https://t.me/c/3059600439,7.10.25,20,https://t.me/c/3059600439/1357,1357,All In One Channel Join Pannikanga,"All In One Channel Join Pannikanga 

https://t.me/IncognitoTelevision - Serial 

https://t.me/IncognitoTelevision - Movie

❣❣❣❣❣❣❣❣❣❣❣❣❣❣❣",1,2025-10-14 15:07:51,No audio,-,-,-,-,-,https://t.me/IncognitoTelevision,https://t.me/IncognitoTelevision,-
https://t.me/c/3059600439,7.10.25,20,https://t.me/c/3059600439/1356,1356,**JHALLEE.EP.86.720p.****#DangalPlay****.WEB-DL.****#Hindi****.AAC2.0.H.264.****@IncognitoTelevision****.mp4,"**JHALLEE.EP.86.720p.****#DangalPlay****.WEB-DL.****#Hindi****.AAC2.0.H.264.****@IncognitoTelevision****.mp4

⚡️ Join & Share ****@IncognitoTelevision**** Now ⚡️**",1,2025-10-14 15:05:41,No audio,-,-,-,-,-,-,-,-
https://t.me/c/3059600439,7.10.25,20,https://t.me/c/3059600439/1355,1355,**JHALLEE.EP.86.480p.****#DangalPlay****.WEB-DL.****#Hindi****.AAC2.0.H.264.****@IncognitoTelevision****.mp4,"**JHALLEE.EP.86.480p.****#DangalPlay****.WEB-DL.****#Hindi****.AAC2.0.H.264.****@IncognitoTelevision****.mp4

⚡️ Join & Share ****@IncognitoTelevision**** Now ⚡️**",1,2025-10-14 15:05:37,No audio,-,-,-,-,-,-,-,-
https://t.me/c/3059600439,7.10.25,20,https://t.me/c/3059600439/1354,1354,**JHALLEE.EP.86.360p.****#DangalPlay****.WEB-DL.****#Hindi****.AAC2.0.H.264.****@IncognitoTelevision****.mp4,"**JHALLEE.EP.86.360p.****#DangalPlay****.WEB-DL.****#Hindi****.AAC2.0.H.264.****@IncognitoTelevision****.mp4

⚡️ Join & Share ****@IncognitoTelevision**** Now ⚡️**",2,2025-10-14 15:05:30,No audio,-,-,-,-,-,-,-,-
https://t.me/c/3059600439,7.10.25,20,https://t.me/c/3059600439/1353,1353,**JHALLEE.EP.86.240p.****#DangalPlay****.WEB-DL.****#Hindi****.AAC2.0.H.264.****@IncognitoTelevision****.mp4,"**JHALLEE.EP.86.240p.****#DangalPlay****.WEB-DL.****#Hindi****.AAC2.0.H.264.****@IncognitoTelevision****.mp4

⚡️ Join & Share ****@IncognitoTelevision**** Now ⚡️**",2,2025-10-14 15:05:23,No audio,-,-,-,-,-,-,-,-
https://t.me/c/3059600439,7.10.25,20,https://t.me/c/3059600439/1352,1352,"**Chalo.Bulawa.Aya.Hai,.Mata.Ne.Bulaya.Hai.E17.Mata.Rani.Ka.Sandesh.1080p.****#SonyLIV****.WEB-DL.****#Hindi****.AAC2.0.H.264.****@IncognitoTelevision****.mp4","**Chalo.Bulawa.Aya.Hai,.Mata.Ne.Bulaya.Hai.E17.Mata.Rani.Ka.Sandesh.1080p.****#SonyLIV****.WEB-DL.****#Hindi****.AAC2.0.H.264.****@IncognitoTelevision****.mp4

⚡️ Join & Share ****@IncognitoTelevision**** Now ⚡️**",2,2025-10-14 15:04:38,No audio,-,-,-,-,-,-,-,-
https://t.me/c/3059600439,7.10.25,20,https://t.me/c/3059600439/1351,1351,"**Chalo.Bulawa.Aya.Hai,.Mata.Ne.Bulaya.Hai.E17.Mata.Rani.Ka.Sandesh.720p.****#SonyLIV****.WEB-DL.****#Hindi****.AAC2.0.H.264.****@IncognitoTelevision****.mp4","**Chalo.Bulawa.Aya.Hai,.Mata.Ne.Bulaya.Hai.E17.Mata.Rani.Ka.Sandesh.720p.****#SonyLIV****.WEB-DL.****#Hindi****.AAC2.0.H.264.****@IncognitoTelevision****.mp4

⚡️ Join & Share ****@IncognitoTelevision**** Now ⚡️**",2,2025-10-14 15:04:28,No audio,-,-,-,-,-,-,-,-
https://t.me/c/3059600439,7.10.25,20,https://t.me/c/3059600439/1350,1350,"**Chalo.Bulawa.Aya.Hai,.Mata.Ne.Bulaya.Hai.E17.Mata.Rani.Ka.Sandesh.540p.****#SonyLIV****.WEB-DL.****#Hindi****.AAC2.0.H.264.****@IncognitoTelevision****.mp4","**Chalo.Bulawa.Aya.Hai,.Mata.Ne.Bulaya.Hai.E17.Mata.Rani.Ka.Sandesh.540p.****#SonyLIV****.WEB-DL.****#Hindi****.AAC2.0.H.264.****@IncognitoTelevision****.mp4

⚡️ Join & Share ****@IncognitoTelevision**** Now ⚡️**",2,2025-10-14 15:04:14,No audio,-,-,-,-,-,-,-,-
https://t.me/c/3059600439,7.10.25,20,https://t.me/c/3059600439/1349,1349,**Taarak.Mehta.Ka.Ooltah.Chashmah.E4528.Taarak.Ka.Badhta.Weight.1080p.****#SonyLIV****.WEB-DL.****#Hindi****.AAC2.0.H.264.****@IncognitoTelevision****.mp4,"**Taarak.Mehta.Ka.Ooltah.Chashmah.E4528.Taarak.Ka.Badhta.Weight.1080p.****#SonyLIV****.WEB-DL.****#Hindi****.AAC2.0.H.264.****@IncognitoTelevision****.mp4

⚡️ Join & Share ****@IncognitoTelevision**** Now ⚡️**",2,2025-10-14 15:03:59,No audio,-,-,-,-,-,-,-,-
https://t.me/c/3059600439,7.10.25,20,https://t.me/c/3059600439/1348,1348,"**Chalo.Bulawa.Aya.Hai,.Mata.Ne.Bulaya.Hai.E17.Mata.Rani.Ka.Sandesh.360p.****#SonyLIV****.WEB-DL.****#Hindi****.AAC2.0.H.264.****@IncognitoTelevision****.mp4","**Chalo.Bulawa.Aya.Hai,.Mata.Ne.Bulaya.Hai.E17.Mata.Rani.Ka.Sandesh.360p.****#SonyLIV****.WEB-DL.****#Hindi****.AAC2.0.H.264.****@IncognitoTelevision****.mp4

⚡️ Join & Share ****@IncognitoTelevision**** Now ⚡️**",2,2025-10-14 15:03:59,No audio,-,-,-,-,-,-,-,-
https://t.me/c/3059600439,7.10.25,20,https://t.me/c/3059600439/1347,1347,"**Chalo.Bulawa.Aya.Hai,.Mata.Ne.Bulaya.Hai.E17.Mata.Rani.Ka.Sandesh.240p.****#SonyLIV****.WEB-DL.****#Hindi****.AAC2.0.H.264.****@IncognitoTelevision****.mp4","**Chalo.Bulawa.Aya.Hai,.Mata.Ne.Bulaya.Hai.E17.Mata.Rani.Ka.Sandesh.240p.****#SonyLIV****.WEB-DL.****#Hindi****.AAC2.0.H.264.****@IncognitoTelevision****.mp4

⚡️ Join & Share ****@IncognitoTelevision**** Now ⚡️**",2,2025-10-14 15:03:49,No audio,-,-,-,-,-,-,-,-
https://t.me/c/3059600439,7.10.25,20,https://t.me/c/3059600439/1346,1346,**Taarak.Mehta.Ka.Ooltah.Chashmah.E4528.Taarak.Ka.Badhta.Weight.720p.****#SonyLIV****.WEB-DL.****#Hindi****.AAC2.0.H.264.****@IncognitoTelevision****.mp4,"**Taarak.Mehta.Ka.Ooltah.Chashmah.E4528.Taarak.Ka.Badhta.Weight.720p.****#SonyLIV****.WEB-DL.****#Hindi****.AAC2.0.H.264.****@IncognitoTelevision****.mp4

⚡️ Join & Share ****@IncognitoTelevision**** Now ⚡️**",2,2025-10-14 15:02:59,No audio,-,-,-,-,-,-,-,-
https://t.me/c/3059600439,7.10.25,20,https://t.me/c/3059600439/1345,1345,**Taarak.Mehta.Ka.Ooltah.Chashmah.E4528.Taarak.Ka.Badhta.Weight.540p.****#SonyLIV****.WEB-DL.****#Hindi****.AAC2.0.H.264.****@IncognitoTelevision****.mp4,"**Taarak.Mehta.Ka.Ooltah.Chashmah.E4528.Taarak.Ka.Badhta.Weight.540p.****#SonyLIV****.WEB-DL.****#Hindi****.AAC2.0.H.264.****@IncognitoTelevision****.mp4

⚡️ Join & Share ****@IncognitoTelevision**** Now ⚡️**",2,2025-10-14 15:02:18,No audio,-,-,-,-,-,-,-,-
https://t.me/c/3059600439,7.10.25,20,https://t.me/c/3059600439/1344,1344,**Taarak.Mehta.Ka.Ooltah.Chashmah.E4528.Taarak.Ka.Badhta.Weight.360p.****#SonyLIV****.WEB-DL.****#Hindi****.AAC2.0.H.264.****@IncognitoTelevision****.mp4,"**Taarak.Mehta.Ka.Ooltah.Chashmah.E4528.Taarak.Ka.Badhta.Weight.360p.****#SonyLIV****.WEB-DL.****#Hindi****.AAC2.0.H.264.****@IncognitoTelevision****.mp4

⚡️ Join & Share ****@IncognitoTelevision**** Now ⚡️**",2,2025-10-14 15:01:19,No audio,-,-,-,-,-,-,-,-
https://t.me/c/3059600439,7.10.25,20,https://t.me/c/3059600439/1343,1343,**Taarak.Mehta.Ka.Ooltah.Chashmah.E4528.Taarak.Ka.Badhta.Weight.240p.****#SonyLIV****.WEB-DL.****#Hindi****.AAC2.0.H.264.****@IncognitoTelevision****.mp4,"**Taarak.Mehta.Ka.Ooltah.Chashmah.E4528.Taarak.Ka.Badhta.Weight.240p.****#SonyLIV****.WEB-DL.****#Hindi****.AAC2.0.H.264.****@IncognitoTelevision****.mp4

⚡️ Join & Share ****@IncognitoTelevision**** Now ⚡️**",2,2025-10-14 15:01:08,No audio,-,-,-,-,-,-,-,-
https://t.me/c/3059600439,7.10.25,20,https://t.me/c/3059600439/1342,1342,**Tumm.Se.Tumm.Tak.S1.E100.Tumm.Se.Tumm.Tak.October.14.2025.1080p.****#ZEE5****.WEB-DL.****#Hindi****.AAC2.0.H.264.****@IncognitoTelevision****.mp4,"**Tumm.Se.Tumm.Tak.S1.E100.Tumm.Se.Tumm.Tak.October.14.2025.1080p.****#ZEE5****.WEB-DL.****#Hindi****.AAC2.0.H.264.****@IncognitoTelevision****.mp4

⚡️ Join & Share ****@IncognitoTelevision**** Now ⚡️**",2,2025-10-14 14:56:11,No audio,-,-,-,-,-,-,-,-
https://t.me/c/3059600439,7.10.25,20,https://t.me/c/3059600439/1341,1341,**Tumm.Se.Tumm.Tak.S1.E100.Tumm.Se.Tumm.Tak.October.14.2025.360p.****#ZEE5****.WEB-DL.****#Hindi****.AAC2.0.H.264.****@IncognitoTelevision****.mp4,"**Tumm.Se.Tumm.Tak.S1.E100.Tumm.Se.Tumm.Tak.October.14.2025.360p.****#ZEE5****.WEB-DL.****#Hindi****.AAC2.0.H.264.****@IncognitoTelevision****.mp4

⚡️ Join & Share ****@IncognitoTelevision**** Now ⚡️**",3,2025-10-14 14:51:46,No audio,-,-,-,-,-,-,-,-
https://t.me/c/3059600439,7.10.25,20,https://t.me/c/3059600439/1340,1340,**Tumm.Se.Tumm.Tak.S1.E100.Tumm.Se.Tumm.Tak.October.14.2025.480p.****#ZEE5****.WEB-DL.****#Hindi****.AAC2.0.H.264.****@IncognitoTelevision****.mp4,"**Tumm.Se.Tumm.Tak.S1.E100.Tumm.Se.Tumm.Tak.October.14.2025.480p.****#ZEE5****.WEB-DL.****#Hindi****.AAC2.0.H.264.****@IncognitoTelevision****.mp4

⚡️ Join & Share ****@IncognitoTelevision**** Now ⚡️**",2,2025-10-14 14:51:14,No audio,-,-,-,-,-,-,-,-
https://t.me/c/3059600439,7.10.25,20,https://t.me/c/3059600439/1339,1339,**Tumm.Se.Tumm.Tak.S1.E100.Tumm.Se.Tumm.Tak.October.14.2025.240p.****#ZEE5****.WEB-DL.****#Hindi****.AAC2.0.H.264.****@IncognitoTelevision****.mp4,"**Tumm.Se.Tumm.Tak.S1.E100.Tumm.Se.Tumm.Tak.October.14.2025.240p.****#ZEE5****.WEB-DL.****#Hindi****.AAC2.0.H.264.****@IncognitoTelevision****.mp4

⚡️ Join & Share ****@IncognitoTelevision**** Now ⚡️**",2,2025-10-14 14:50:35,No audio,-,-,-,-,-,-,-,-
https://t.me/c/3059600439,7.10.25,20,https://t.me/c/3059600439/1338,1338,**Tumm.Se.Tumm.Tak.S1.E100.Tumm.Se.Tumm.Tak.October.14.2025.720p.****#ZEE5****.WEB-DL.****#Hindi****.AAC2.0.H.264.****@IncognitoTelevision****.mp4,"**Tumm.Se.Tumm.Tak.S1.E100.Tumm.Se.Tumm.Tak.October.14.2025.720p.****#ZEE5****.WEB-DL.****#Hindi****.AAC2.0.H.264.****@IncognitoTelevision****.mp4

⚡️ Join & Share ****@IncognitoTelevision**** Now ⚡️**",2,2025-10-14 14:50:32,No audio,-,-,-,-,-,-,-,-
https://t.me/c/3059600439,7.10.25,20,https://t.me/c/3059600439/1337,1337,**Gatha.Shiv.Parivaar.Ki.Ganesh.Kartikey.E8.Satya.Aur.Asatya.1080p.****#SonyLIV****.WEB-DL.****#Hindi****.AAC2.0.H.264.****@IncognitoTelevision****.mp4,"**Gatha.Shiv.Parivaar.Ki.Ganesh.Kartikey.E8.Satya.Aur.Asatya.1080p.****#SonyLIV****.WEB-DL.****#Hindi****.AAC2.0.H.264.****@IncognitoTelevision****.mp4

⚡️ Join & Share ****@IncognitoTelevision**** Now ⚡️**",2,2025-10-14 14:32:27,No audio,-,-,-,-,-,-,-,-
https://t.me/c/3059600439,7.10.25,20,https://t.me/c/3059600439/1336,1336,**Gatha.Shiv.Parivaar.Ki.Ganesh.Kartikey.E8.Satya.Aur.Asatya.720p.****#SonyLIV****.WEB-DL.****#Hindi****.AAC2.0.H.264.****@IncognitoTelevision****.mp4,"**Gatha.Shiv.Parivaar.Ki.Ganesh.Kartikey.E8.Satya.Aur.Asatya.720p.****#SonyLIV****.WEB-DL.****#Hindi****.AAC2.0.H.264.****@IncognitoTelevision****.mp4

⚡️ Join & Share ****@IncognitoTelevision**** Now ⚡️**",2,2025-10-14 14:32:17,No audio,-,-,-,-,-,-,-,-
https://t.me/c/3059600439,7.10.25,20,https://t.me/c/3059600439/1335,1335,**Gatha.Shiv.Parivaar.Ki.Ganesh.Kartikey.E8.Satya.Aur.Asatya.540p.****#SonyLIV****.WEB-DL.****#Hindi****.AAC2.0.H.264.****@IncognitoTelevision****.mp4,"**Gatha.Shiv.Parivaar.Ki.Ganesh.Kartikey.E8.Satya.Aur.Asatya.540p.****#SonyLIV****.WEB-DL.****#Hindi****.AAC2.0.H.264.****@IncognitoTelevision****.mp4

⚡️ Join & Share ****@IncognitoTelevision**** Now ⚡️**",2,2025-10-14 14:31:36,No audio,-,-,-,-,-,-,-,-
https://t.me/c/3059600439,7.10.25,20,https://t.me/c/3059600439/1334,1334,**Gatha.Shiv.Parivaar.Ki.Ganesh.Kartikey.E8.Satya.Aur.Asatya.360p.****#SonyLIV****.WEB-DL.****#Hindi****.AAC2.0.H.264.****@IncognitoTelevision****.mp4,"**Gatha.Shiv.Parivaar.Ki.Ganesh.Kartikey.E8.Satya.Aur.Asatya.360p.****#SonyLIV****.WEB-DL.****#Hindi****.AAC2.0.H.264.****@IncognitoTelevision****.mp4

⚡️ Join & Share ****@IncognitoTelevision**** Now ⚡️**",2,2025-10-14 14:31:34,No audio,-,-,-,-,-,-,-,-
https://t.me/c/3059600439,7.10.25,20,https://t.me/c/3059600439/1333,1333,**Gatha.Shiv.Parivaar.Ki.Ganesh.Kartikey.E8.Satya.Aur.Asatya.240p.****#SonyLIV****.WEB-DL.****#Hindi****.AAC2.0.H.264.****@IncognitoTelevision****.mp4,"**Gatha.Shiv.Parivaar.Ki.Ganesh.Kartikey.E8.Satya.Aur.Asatya.240p.****#SonyLIV****.WEB-DL.****#Hindi****.AAC2.0.H.264.****@IncognitoTelevision****.mp4

⚡️ Join & Share ****@IncognitoTelevision**** Now ⚡️**",2,2025-10-14 14:31:00,No audio,-,-,-,-,-,-,-,-
https://t.me/c/3059600439,7.10.25,20,https://t.me/c/3059600439/1332,1332,**Jaane.Anjaane.Hum.Mile.S1.E308.Reet.Thanks.Raghav.for.Saving.Her.Life.1080p.****#ZEE5****.WEB-DL.****#Hindi****.AAC2.0.H.264.****@IncognitoTelevision****.mp4,"**Jaane.Anjaane.Hum.Mile.S1.E308.Reet.Thanks.Raghav.for.Saving.Her.Life.1080p.****#ZEE5****.WEB-DL.****#Hindi****.AAC2.0.H.264.****@IncognitoTelevision****.mp4

⚡️ Join & Share ****@IncognitoTelevision**** Now ⚡️**",2,2025-10-14 14:24:01,No audio,-,-,-,-,-,-,-,-
https://t.me/c/3059600439,7.10.25,20,https://t.me/c/3059600439/1331,1331,**Jaane.Anjaane.Hum.Mile.S1.E308.Reet.Thanks.Raghav.for.Saving.Her.Life.720p.****#ZEE5****.WEB-DL.****#Hindi****.AAC2.0.H.264.****@IncognitoTelevision****.mp4,"**Jaane.Anjaane.Hum.Mile.S1.E308.Reet.Thanks.Raghav.for.Saving.Her.Life.720p.****#ZEE5****.WEB-DL.****#Hindi****.AAC2.0.H.264.****@IncognitoTelevision****.mp4

⚡️ Join & Share ****@IncognitoTelevision**** Now ⚡️**",3,2025-10-14 14:20:51,No audio,-,-,-,-,-,-,-,-
https://t.me/c/3059600439,7.10.25,20,https://t.me/c/3059600439/1330,1330,**Jaane.Anjaane.Hum.Mile.S1.E308.Reet.Thanks.Raghav.for.Saving.Her.Life.480p.****#ZEE5****.WEB-DL.****#Hindi****.AAC2.0.H.264.****@IncognitoTelevision****.mp4,"**Jaane.Anjaane.Hum.Mile.S1.E308.Reet.Thanks.Raghav.for.Saving.Her.Life.480p.****#ZEE5****.WEB-DL.****#Hindi****.AAC2.0.H.264.****@IncognitoTelevision****.mp4

⚡️ Join & Share ****@IncognitoTelevision**** Now ⚡️**",3,2025-10-14 14:20:33,No audio,-,-,-,-,-,-,-,-
https://t.me/c/3059600439,7.10.25,20,https://t.me/c/3059600439/1329,1329,**Jaane.Anjaane.Hum.Mile.S1.E308.Reet.Thanks.Raghav.for.Saving.Her.Life.240p.****#ZEE5****.WEB-DL.****#Hindi****.AAC2.0.H.264.****@IncognitoTelevision****.mp4,"**Jaane.Anjaane.Hum.Mile.S1.E308.Reet.Thanks.Raghav.for.Saving.Her.Life.240p.****#ZEE5****.WEB-DL.****#Hindi****.AAC2.0.H.264.****@IncognitoTelevision****.mp4

⚡️ Join & Share ****@IncognitoTelevision**** Now ⚡️**",3,2025-10-14 14:20:16,No audio,-,-,-,-,-,-,-,-
https://t.me/c/3059600439,7.10.25,20,https://t.me/c/3059600439/1328,1328,**Jaane.Anjaane.Hum.Mile.S1.E308.Reet.Thanks.Raghav.for.Saving.Her.Life.360p.****#ZEE5****.WEB-DL.****#Hindi****.AAC2.0.H.264.****@IncognitoTelevision****.mp4,"**Jaane.Anjaane.Hum.Mile.S1.E308.Reet.Thanks.Raghav.for.Saving.Her.Life.360p.****#ZEE5****.WEB-DL.****#Hindi****.AAC2.0.H.264.****@IncognitoTelevision****.mp4

⚡️ Join & Share ****@IncognitoTelevision**** Now ⚡️**",3,2025-10-14 14:20:15,No audio,-,-,-,-,-,-,-,-
https://t.me/c/3059600439,7.10.25,20,https://t.me/c/3059600439/1327,1327,**Jhanak.S2.E693.Aditi's.Actions.stuns.family.1080p.****#JioHotstar****.WEB-DL.****#Hindi****.AAC2.0.H.264.****@IncognitoTelevision****.mp4,"**Jhanak.S2.E693.Aditi's.Actions.stuns.family.1080p.****#JioHotstar****.WEB-DL.****#Hindi****.AAC2.0.H.264.****@IncognitoTelevision****.mp4

⚡️ Join & Share ****@IncognitoTelevision**** Now ⚡️**",3,2025-10-14 14:16:02,No audio,-,-,-,-,-,-,-,-
https://t.me/c/3059600439,7.10.25,20,https://t.me/c/3059600439/1326,1326,**Jhanak.S2.E693.Aditi's.Actions.stuns.family.720p.****#JioHotstar****.WEB-DL.****#Hindi****.AAC2.0.H.264.****@IncognitoTelevision****.mp4,"**Jhanak.S2.E693.Aditi's.Actions.stuns.family.720p.****#JioHotstar****.WEB-DL.****#Hindi****.AAC2.0.H.264.****@IncognitoTelevision****.mp4

⚡️ Join & Share ****@IncognitoTelevision**** Now ⚡️**",3,2025-10-14 14:15:45,No audio,-,-,-,-,-,-,-,-
https://t.me/c/3059600439,7.10.25,20,https://t.me/c/3059600439/1325,1325,**Jhanak.S2.E693.Aditi's.Actions.stuns.family.480p.****#JioHotstar****.WEB-DL.****#Hindi****.AAC2.0.H.264.****@IncognitoTelevision****.mp4,"**Jhanak.S2.E693.Aditi's.Actions.stuns.family.480p.****#JioHotstar****.WEB-DL.****#Hindi****.AAC2.0.H.264.****@IncognitoTelevision****.mp4

⚡️ Join & Share ****@IncognitoTelevision**** Now ⚡️**",3,2025-10-14 14:15:29,No audio,-,-,-,-,-,-,-,-
https://t.me/c/3059600439,7.10.25,20,https://t.me/c/3059600439/1324,1324,**Jhanak.S2.E693.Aditi's.Actions.stuns.family.360p.****#JioHotstar****.WEB-DL.****#Hindi****.AAC2.0.H.264.****@IncognitoTelevision****.mp4,"**Jhanak.S2.E693.Aditi's.Actions.stuns.family.360p.****#JioHotstar****.WEB-DL.****#Hindi****.AAC2.0.H.264.****@IncognitoTelevision****.mp4

⚡️ Join & Share ****@IncognitoTelevision**** Now ⚡️**",3,2025-10-14 14:15:17,No audio,-,-,-,-,-,-,-,-
https://t.me/c/3059600439,7.10.25,20,https://t.me/c/3059600439/1323,1323,**Jhanak.S2.E693.Aditi's.Actions.stuns.family.240p.****#JioHotstar****.WEB-DL.****#Hindi****.AAC2.0.H.264.****@IncognitoTelevision****.mp4,"**Jhanak.S2.E693.Aditi's.Actions.stuns.family.240p.****#JioHotstar****.WEB-DL.****#Hindi****.AAC2.0.H.264.****@IncognitoTelevision****.mp4

⚡️ Join & Share ****@IncognitoTelevision**** Now ⚡️**",3,2025-10-14 14:15:08,No audio,-,-,-,-,-,-,-,-
https://t.me/c/3059600439,7.10.25,20,https://t.me/c/3059600439/1322,1322,**MANN.ATISUNDAR.EP.813.720p.****#DangalPlay****.WEB-DL.****#Hindi****.AAC2.0.H.264.****@IncognitoTelevision****.mp4,"**MANN.ATISUNDAR.EP.813.720p.****#DangalPlay****.WEB-DL.****#Hindi****.AAC2.0.H.264.****@IncognitoTelevision****.mp4

⚡️ Join & Share ****@IncognitoTelevision**** Now ⚡️**",2,2025-10-14 14:03:02,No audio,-,-,-,-,-,-,-,-
https://t.me/c/3059600439,7.10.25,20,https://t.me/c/3059600439/1321,1321,**MANN.ATISUNDAR.EP.813.480p.****#DangalPlay****.WEB-DL.****#Hindi****.AAC2.0.H.264.****@IncognitoTelevision****.mp4,"**MANN.ATISUNDAR.EP.813.480p.****#DangalPlay****.WEB-DL.****#Hindi****.AAC2.0.H.264.****@IncognitoTelevision****.mp4

⚡️ Join & Share ****@IncognitoTelevision**** Now ⚡️**",3,2025-10-14 14:02:51,No audio,-,-,-,-,-,-,-,-
https://t.me/c/3059600439,7.10.25,20,https://t.me/c/3059600439/1320,1320,**MANN.ATISUNDAR.EP.813.360p.****#DangalPlay****.WEB-DL.****#Hindi****.AAC2.0.H.264.****@IncognitoTelevision****.mp4,"**MANN.ATISUNDAR.EP.813.360p.****#DangalPlay****.WEB-DL.****#Hindi****.AAC2.0.H.264.****@IncognitoTelevision****.mp4

⚡️ Join & Share ****@IncognitoTelevision**** Now ⚡️**",3,2025-10-14 14:02:47,No audio,-,-,-,-,-,-,-,-
https://t.me/c/3059600439,7.10.25,20,https://t.me/c/3059600439/1319,1319,**MANN.ATISUNDAR.EP.813.240p.****#DangalPlay****.WEB-DL.****#Hindi****.AAC2.0.H.264.****@IncognitoTelevision****.mp4,"**MANN.ATISUNDAR.EP.813.240p.****#DangalPlay****.WEB-DL.****#Hindi****.AAC2.0.H.264.****@IncognitoTelevision****.mp4

⚡️ Join & Share ****@IncognitoTelevision**** Now ⚡️**",3,2025-10-14 14:02:43,No audio,-,-,-,-,-,-,-,-
https://t.me/c/3059600439,7.10.25,20,https://t.me/c/3059600439/1318,1318,**Saru.S1.E154.Saru.s.Secret.Visit.to.Ved.Sparks.Tension.1080p.****#ZEE5****.WEB-DL.****#Hindi****.AAC2.0.H.264.****@IncognitoTelevision****.mp4,"**Saru.S1.E154.Saru.s.Secret.Visit.to.Ved.Sparks.Tension.1080p.****#ZEE5****.WEB-DL.****#Hindi****.AAC2.0.H.264.****@IncognitoTelevision****.mp4

⚡️ Join & Share ****@IncognitoTelevision**** Now ⚡️**",4,2025-10-14 13:50:43,No audio,-,-,-,-,-,-,-,-
https://t.me/c/3059600439,7.10.25,20,https://t.me/c/3059600439/1317,1317,**Saru.S1.E154.Saru.s.Secret.Visit.to.Ved.Sparks.Tension.720p.****#ZEE5****.WEB-DL.****#Hindi****.AAC2.0.H.264.****@IncognitoTelevision****.mp4,"**Saru.S1.E154.Saru.s.Secret.Visit.to.Ved.Sparks.Tension.720p.****#ZEE5****.WEB-DL.****#Hindi****.AAC2.0.H.264.****@IncognitoTelevision****.mp4

⚡️ Join & Share ****@IncognitoTelevision**** Now ⚡️**",4,2025-10-14 13:50:09,No audio,-,-,-,-,-,-,-,-
https://t.me/c/3059600439,7.10.25,20,https://t.me/c/3059600439/1316,1316,**Saru.S1.E154.Saru.s.Secret.Visit.to.Ved.Sparks.Tension.480p.****#ZEE5****.WEB-DL.****#Hindi****.AAC2.0.H.264.****@IncognitoTelevision****.mp4,"**Saru.S1.E154.Saru.s.Secret.Visit.to.Ved.Sparks.Tension.480p.****#ZEE5****.WEB-DL.****#Hindi****.AAC2.0.H.264.****@IncognitoTelevision****.mp4

⚡️ Join & Share ****@IncognitoTelevision**** Now ⚡️**",4,2025-10-14 13:49:59,No audio,-,-,-,-,-,-,-,-
https://t.me/c/3059600439,7.10.25,20,https://t.me/c/3059600439/1315,1315,**Saru.S1.E154.Saru.s.Secret.Visit.to.Ved.Sparks.Tension.360p.****#ZEE5****.WEB-DL.****#Hindi****.AAC2.0.H.264.****@IncognitoTelevision****.mp4,"**Saru.S1.E154.Saru.s.Secret.Visit.to.Ved.Sparks.Tension.360p.****#ZEE5****.WEB-DL.****#Hindi****.AAC2.0.H.264.****@IncognitoTelevision****.mp4

⚡️ Join & Share ****@IncognitoTelevision**** Now ⚡️**",3,2025-10-14 13:49:47,No audio,-,-,-,-,-,-,-,-
https://t.me/c/3059600439,7.10.25,20,https://t.me/c/3059600439/1314,1314,**Saru.S1.E154.Saru.s.Secret.Visit.to.Ved.Sparks.Tension.240p.****#ZEE5****.WEB-DL.****#Hindi****.AAC2.0.H.264.****@IncognitoTelevision****.mp4,"**Saru.S1.E154.Saru.s.Secret.Visit.to.Ved.Sparks.Tension.240p.****#ZEE5****.WEB-DL.****#Hindi****.AAC2.0.H.264.****@IncognitoTelevision****.mp4

⚡️ Join & Share ****@IncognitoTelevision**** Now ⚡️**",3,2025-10-14 13:49:41,No audio,-,-,-,-,-,-,-,-
https://t.me/c/3059600439,7.10.25,20,https://t.me/c/3059600439/1313,1313,**PATI.BHRAMACHARI.EP.128.720p.****#DangalPlay****.WEB-DL.****#Hindi****.AAC2.0.H.264.****@IncognitoTelevision****.mp4,"**PATI.BHRAMACHARI.EP.128.720p.****#DangalPlay****.WEB-DL.****#Hindi****.AAC2.0.H.264.****@IncognitoTelevision****.mp4

⚡️ Join & Share ****@IncognitoTelevision**** Now ⚡️**",3,2025-10-14 13:33:07,No audio,-,-,-,-,-,-,-,-
https://t.me/c/3059600439,7.10.25,20,https://t.me/c/3059600439/1312,1312,**PATI.BHRAMACHARI.EP.128.480p.****#DangalPlay****.WEB-DL.****#Hindi****.AAC2.0.H.264.****@IncognitoTelevision****.mp4,"**PATI.BHRAMACHARI.EP.128.480p.****#DangalPlay****.WEB-DL.****#Hindi****.AAC2.0.H.264.****@IncognitoTelevision****.mp4

⚡️ Join & Share ****@IncognitoTelevision**** Now ⚡️**",3,2025-10-14 13:32:57,No audio,-,-,-,-,-,-,-,-
https://t.me/c/3059600439,7.10.25,20,https://t.me/c/3059600439/1311,1311,**PATI.BHRAMACHARI.EP.128.360p.****#DangalPlay****.WEB-DL.****#Hindi****.AAC2.0.H.264.****@IncognitoTelevision****.mp4,"**PATI.BHRAMACHARI.EP.128.360p.****#DangalPlay****.WEB-DL.****#Hindi****.AAC2.0.H.264.****@IncognitoTelevision****.mp4

⚡️ Join & Share ****@IncognitoTelevision**** Now ⚡️**",3,2025-10-14 13:32:53,No audio,-,-,-,-,-,-,-,-
https://t.me/c/3059600439,7.10.25,20,https://t.me/c/3059600439/1310,1310,**PATI.BHRAMACHARI.EP.128.240p.****#DangalPlay****.WEB-DL.****#Hindi****.AAC2.0.H.264.****@IncognitoTelevision****.mp4,"**PATI.BHRAMACHARI.EP.128.240p.****#DangalPlay****.WEB-DL.****#Hindi****.AAC2.0.H.264.****@IncognitoTelevision****.mp4

⚡️ Join & Share ****@IncognitoTelevision**** Now ⚡️**",2,2025-10-14 13:32:46,No audio,-,-,-,-,-,-,-,-
https://t.me/c/3059600439,7.10.25,20,https://t.me/c/3059600439/1309,1309,**Mannat.-.Har.Khushi.Paane.Ki.S1.E220.Mannat.Questions.Vishakha.720p.****#JioHotstar****.WEB-DL.****#Hindi****.AAC2.0.H.264.****@IncognitoTelevision****.mp4,"**Mannat.-.Har.Khushi.Paane.Ki.S1.E220.Mannat.Questions.Vishakha.720p.****#JioHotstar****.WEB-DL.****#Hindi****.AAC2.0.H.264.****@IncognitoTelevision****.mp4

⚡️ Join & Share ****@IncognitoTelevision**** Now ⚡️**",2,2025-10-14 13:30:34,No audio,-,-,-,-,-,-,-,-
https://t.me/c/3059600439,7.10.25,20,https://t.me/c/3059600439/1308,1308,**Mannat.-.Har.Khushi.Paane.Ki.S1.E220.Mannat.Questions.Vishakha.1080p.****#JioHotstar****.WEB-DL.****#Hindi****.AAC2.0.H.264.****@IncognitoTelevision****.mp4,"**Mannat.-.Har.Khushi.Paane.Ki.S1.E220.Mannat.Questions.Vishakha.1080p.****#JioHotstar****.WEB-DL.****#Hindi****.AAC2.0.H.264.****@IncognitoTelevision****.mp4

⚡️ Join & Share ****@IncognitoTelevision**** Now ⚡️**",2,2025-10-14 13:30:30,No audio,-,-,-,-,-,-,-,-
https://t.me/c/3059600439,7.10.25,20,https://t.me/c/3059600439/1307,1307,**Mannat.-.Har.Khushi.Paane.Ki.S1.E220.Mannat.Questions.Vishakha.480p.****#JioHotstar****.WEB-DL.****#Hindi****.AAC2.0.H.264.****@IncognitoTelevision****.mp4,"**Mannat.-.Har.Khushi.Paane.Ki.S1.E220.Mannat.Questions.Vishakha.480p.****#JioHotstar****.WEB-DL.****#Hindi****.AAC2.0.H.264.****@IncognitoTelevision****.mp4

⚡️ Join & Share ****@IncognitoTelevision**** Now ⚡️**",4,2025-10-14 13:29:22,No audio,-,-,-,-,-,-,-,-
https://t.me/c/3059600439,7.10.25,20,https://t.me/c/3059600439/1306,1306,**Mannat.-.Har.Khushi.Paane.Ki.S1.E220.Mannat.Questions.Vishakha.360p.****#JioHotstar****.WEB-DL.****#Hindi****.AAC2.0.H.264.****@IncognitoTelevision****.mp4,"**Mannat.-.Har.Khushi.Paane.Ki.S1.E220.Mannat.Questions.Vishakha.360p.****#JioHotstar****.WEB-DL.****#Hindi****.AAC2.0.H.264.****@IncognitoTelevision****.mp4

⚡️ Join & Share ****@IncognitoTelevision**** Now ⚡️**",4,2025-10-14 13:29:11,No audio,-,-,-,-,-,-,-,-
https://t.me/c/3059600439,7.10.25,20,https://t.me/c/3059600439/1305,1305,**Mannat.-.Har.Khushi.Paane.Ki.S1.E220.Mannat.Questions.Vishakha.240p.****#JioHotstar****.WEB-DL.****#Hindi****.AAC2.0.H.264.****@IncognitoTelevision****.mp4,"**Mannat.-.Har.Khushi.Paane.Ki.S1.E220.Mannat.Questions.Vishakha.240p.****#JioHotstar****.WEB-DL.****#Hindi****.AAC2.0.H.264.****@IncognitoTelevision****.mp4

⚡️ Join & Share ****@IncognitoTelevision**** Now ⚡️**",3,2025-10-14 13:28:57,No audio,-,-,-,-,-,-,-,-
https://t.me/c/3059600439,7.10.25,20,https://t.me/c/3059600439/1304,1304,**Dhaakad.Beera.S2.E82.Samrath.Punished.Karishma.1080p.****#JioHotstar****.WEB-DL.****#Hindi****.AAC2.0.H.264.****@IncognitoTelevision****.mp4,"**Dhaakad.Beera.S2.E82.Samrath.Punished.Karishma.1080p.****#JioHotstar****.WEB-DL.****#Hindi****.AAC2.0.H.264.****@IncognitoTelevision****.mp4

⚡️ Join & Share ****@IncognitoTelevision**** Now ⚡️**",3,2025-10-14 13:22:31,No audio,-,-,-,-,-,-,-,-
https://t.me/c/3059600439,7.10.25,20,https://t.me/c/3059600439/1303,1303,**Dhaakad.Beera.S2.E82.Samrath.Punished.Karishma.720p.****#JioHotstar****.WEB-DL.****#Hindi****.AAC2.0.H.264.****@IncognitoTelevision****.mp4,"**Dhaakad.Beera.S2.E82.Samrath.Punished.Karishma.720p.****#JioHotstar****.WEB-DL.****#Hindi****.AAC2.0.H.264.****@IncognitoTelevision****.mp4

⚡️ Join & Share ****@IncognitoTelevision**** Now ⚡️**",4,2025-10-14 13:22:21,No audio,-,-,-,-,-,-,-,-
https://t.me/c/3059600439,7.10.25,20,https://t.me/c/3059600439/1302,1302,**Dhaakad.Beera.S2.E82.Samrath.Punished.Karishma.480p.****#JioHotstar****.WEB-DL.****#Hindi****.AAC2.0.H.264.****@IncognitoTelevision****.mp4,"**Dhaakad.Beera.S2.E82.Samrath.Punished.Karishma.480p.****#JioHotstar****.WEB-DL.****#Hindi****.AAC2.0.H.264.****@IncognitoTelevision****.mp4

⚡️ Join & Share ****@IncognitoTelevision**** Now ⚡️**",4,2025-10-14 13:22:07,No audio,-,-,-,-,-,-,-,-
https://t.me/c/3059600439,7.10.25,20,https://t.me/c/3059600439/1301,1301,**Dhaakad.Beera.S2.E82.Samrath.Punished.Karishma.360p.****#JioHotstar****.WEB-DL.****#Hindi****.AAC2.0.H.264.****@IncognitoTelevision****.mp4,"**Dhaakad.Beera.S2.E82.Samrath.Punished.Karishma.360p.****#JioHotstar****.WEB-DL.****#Hindi****.AAC2.0.H.264.****@IncognitoTelevision****.mp4

⚡️ Join & Share ****@IncognitoTelevision**** Now ⚡️**",3,2025-10-14 13:21:55,No audio,-,-,-,-,-,-,-,-
https://t.me/c/3059600439,7.10.25,20,https://t.me/c/3059600439/1300,1300,**Dhaakad.Beera.S2.E82.Samrath.Punished.Karishma.240p.****#JioHotstar****.WEB-DL.****#Hindi****.AAC2.0.H.264.****@IncognitoTelevision****.mp4,"**Dhaakad.Beera.S2.E82.Samrath.Punished.Karishma.240p.****#JioHotstar****.WEB-DL.****#Hindi****.AAC2.0.H.264.****@IncognitoTelevision****.mp4

⚡️ Join & Share ****@IncognitoTelevision**** Now ⚡️**",3,2025-10-14 13:21:51,No audio,-,-,-,-,-,-,-,-
https://t.me/c/3059600439,7.10.25,20,https://t.me/c/3059600439/1299,1299,**KAHANI.PEHELE.PYAR.KI.EP.92.720p.****#DangalPlay****.WEB-DL.****#Hindi****.AAC2.0.H.264.****@IncognitoTelevision****.mp4,"**KAHANI.PEHELE.PYAR.KI.EP.92.720p.****#DangalPlay****.WEB-DL.****#Hindi****.AAC2.0.H.264.****@IncognitoTelevision****.mp4

⚡️ Join & Share ****@IncognitoTelevision**** Now ⚡️**",3,2025-10-14 13:03:02,No audio,-,-,-,-,-,-,-,-
https://t.me/c/3059600439,7.10.25,20,https://t.me/c/3059600439/1298,1298,**KAHANI.PEHELE.PYAR.KI.EP.92.480p.****#DangalPlay****.WEB-DL.****#Hindi****.AAC2.0.H.264.****@IncognitoTelevision****.mp4,"**KAHANI.PEHELE.PYAR.KI.EP.92.480p.****#DangalPlay****.WEB-DL.****#Hindi****.AAC2.0.H.264.****@IncognitoTelevision****.mp4

⚡️ Join & Share ****@IncognitoTelevision**** Now ⚡️**",3,2025-10-14 13:02:55,No audio,-,-,-,-,-,-,-,-
https://t.me/c/3059600439,7.10.25,20,https://t.me/c/3059600439/1297,1297,**KAHANI.PEHELE.PYAR.KI.EP.92.360p.****#DangalPlay****.WEB-DL.****#Hindi****.AAC2.0.H.264.****@IncognitoTelevision****.mp4,"**KAHANI.PEHELE.PYAR.KI.EP.92.360p.****#DangalPlay****.WEB-DL.****#Hindi****.AAC2.0.H.264.****@IncognitoTelevision****.mp4

⚡️ Join & Share ****@IncognitoTelevision**** Now ⚡️**",4,2025-10-14 13:02:51,No audio,-,-,-,-,-,-,-,-
https://t.me/c/3059600439,7.10.25,20,https://t.me/c/3059600439/1296,1296,**KAHANI.PEHELE.PYAR.KI.EP.92.240p.****#DangalPlay****.WEB-DL.****#Hindi****.AAC2.0.H.264.****@IncognitoTelevision****.mp4,"**KAHANI.PEHELE.PYAR.KI.EP.92.240p.****#DangalPlay****.WEB-DL.****#Hindi****.AAC2.0.H.264.****@IncognitoTelevision****.mp4

⚡️ Join & Share ****@IncognitoTelevision**** Now ⚡️**",4,2025-10-14 13:02:48,No audio,-,-,-,-,-,-,-,-
https://t.me/c/3059600439,7.10.25,20,https://t.me/c/3059600439/1295,1295,**Kahani.Har.Ghar.Ki.S1.E32.Juhi.Teaches.the.Men.the.Value.of.a.Mother.1080p.****#ZEE5****.WEB-DL.****#Hindi****.AAC2.0.H.264.****@IncognitoTelevision****.mp4,"**Kahani.Har.Ghar.Ki.S1.E32.Juhi.Teaches.the.Men.the.Value.of.a.Mother.1080p.****#ZEE5****.WEB-DL.****#Hindi****.AAC2.0.H.264.****@IncognitoTelevision****.mp4

⚡️ Join & Share ****@IncognitoTelevision**** Now ⚡️**",4,2025-10-14 12:52:21,No audio,-,-,-,-,-,-,-,-
https://t.me/c/3059600439,7.10.25,20,https://t.me/c/3059600439/1294,1294,**Kahani.Har.Ghar.Ki.S1.E32.Juhi.Teaches.the.Men.the.Value.of.a.Mother.720p.****#ZEE5****.WEB-DL.****#Hindi****.AAC2.0.H.264.****@IncognitoTelevision****.mp4,"**Kahani.Har.Ghar.Ki.S1.E32.Juhi.Teaches.the.Men.the.Value.of.a.Mother.720p.****#ZEE5****.WEB-DL.****#Hindi****.AAC2.0.H.264.****@IncognitoTelevision****.mp4

⚡️ Join & Share ****@IncognitoTelevision**** Now ⚡️**",4,2025-10-14 12:51:12,No audio,-,-,-,-,-,-,-,-
https://t.me/c/3059600439,7.10.25,20,https://t.me/c/3059600439/1293,1293,**Kahani.Har.Ghar.Ki.S1.E32.Juhi.Teaches.the.Men.the.Value.of.a.Mother.480p.****#ZEE5****.WEB-DL.****#Hindi****.AAC2.0.H.264.****@IncognitoTelevision****.mp4,"**Kahani.Har.Ghar.Ki.S1.E32.Juhi.Teaches.the.Men.the.Value.of.a.Mother.480p.****#ZEE5****.WEB-DL.****#Hindi****.AAC2.0.H.264.****@IncognitoTelevision****.mp4

⚡️ Join & Share ****@IncognitoTelevision**** Now ⚡️**",3,2025-10-14 12:50:50,No audio,-,-,-,-,-,-,-,-
https://t.me/c/3059600439,7.10.25,20,https://t.me/c/3059600439/1292,1292,**Kahani.Har.Ghar.Ki.S1.E32.Juhi.Teaches.the.Men.the.Value.of.a.Mother.360p.****#ZEE5****.WEB-DL.****#Hindi****.AAC2.0.H.264.****@IncognitoTelevision****.mp4,"**Kahani.Har.Ghar.Ki.S1.E32.Juhi.Teaches.the.Men.the.Value.of.a.Mother.360p.****#ZEE5****.WEB-DL.****#Hindi****.AAC2.0.H.264.****@IncognitoTelevision****.mp4

⚡️ Join & Share ****@IncognitoTelevision**** Now ⚡️**",4,2025-10-14 12:50:36,No audio,-,-,-,-,-,-,-,-
https://t.me/c/3059600439,7.10.25,20,https://t.me/c/3059600439/1291,1291,**Kahani.Har.Ghar.Ki.S1.E32.Juhi.Teaches.the.Men.the.Value.of.a.Mother.240p.****#ZEE5****.WEB-DL.****#Hindi****.AAC2.0.H.264.****@IncognitoTelevision****.mp4,"**Kahani.Har.Ghar.Ki.S1.E32.Juhi.Teaches.the.Men.the.Value.of.a.Mother.240p.****#ZEE5****.WEB-DL.****#Hindi****.AAC2.0.H.264.****@IncognitoTelevision****.mp4

⚡️ Join & Share ****@IncognitoTelevision**** Now ⚡️**",4,2025-10-14 12:50:26,No audio,-,-,-,-,-,-,-,-
https://t.me/c/3059600439,7.10.25,20,https://t.me/c/3059600439/879,879,No title,No description,0,2025-10-12 06:23:10,No audio,-,-,-,-,-,-,-,-
https://t.me/c/3059600439,7.10.25,20,https://t.me/c/3059600439/18,18,No title,No description,0,2025-10-08 02:29:28,No audio,-,-,-,-,-,-,-,-
https://t.me/c/3059600439,7.10.25,20,https://t.me/c/3059600439/17,17,No title,No description,0,2025-10-08 02:29:20,No audio,-,-,-,-,-,-,-,-
https://t.me/c/3059600439,7.10.25,20,https://t.me/c/3059600439/16,16,**Jyotsna.Ek.Unsuni.Paheli.E78.Oct.07.2025.720p.****#SunNXT****.WEB-DL.****#Hindi****.AAC2.0.H.264.****@IncognitoTelevision****.mp4,"**Jyotsna.Ek.Unsuni.Paheli.E78.Oct.07.2025.720p.****#SunNXT****.WEB-DL.****#Hindi****.AAC2.0.H.264.****@IncognitoTelevision****.mp4

⚡️ Join & Share ****@IncognitoTelevision**** Now ⚡️**",9,2025-10-08 02:29:19,No audio,-,-,-,-,-,-,-,-
https://t.me/c/3059600439,7.10.25,20,https://t.me/c/3059600439/15,15,**Kaun.Banega.Crorepati.E42.Bachho.Ke.Anubhav.1080p.****#SonyLIV****.WEB-DL.****#Hindi****.AAC2.0.H.264.****@IncognitoTelevision****.mp4,"**Kaun.Banega.Crorepati.E42.Bachho.Ke.Anubhav.1080p.****#SonyLIV****.WEB-DL.****#Hindi****.AAC2.0.H.264.****@IncognitoTelevision****.mp4

⚡️ Join & Share ****@IncognitoTelevision**** Now ⚡️**",9,2025-10-08 02:29:19,No audio,-,-,-,-,-,-,-,-
https://t.me/c/3059600439,7.10.25,20,https://t.me/c/3059600439/14,14,**Kaun.Banega.Crorepati.E42.Bachho.Ke.Anubhav.360p.****#SonyLIV****.WEB-DL.****#Hindi****.AAC2.0.H.264.****@IncognitoTelevision****.mp4,"**Kaun.Banega.Crorepati.E42.Bachho.Ke.Anubhav.360p.****#SonyLIV****.WEB-DL.****#Hindi****.AAC2.0.H.264.****@IncognitoTelevision****.mp4

⚡️ Join & Share ****@IncognitoTelevision**** Now ⚡️**",10,2025-10-08 02:29:19,No audio,-,-,-,-,-,-,-,-
https://t.me/c/3059600439,7.10.25,20,https://t.me/c/3059600439/13,13,**MANN.SUNDAR.EP.1385.240p.****#DangalPlay****.WEB-DL.****#Hindi****.AAC2.0.H.264.****@IncognitoTelevision****.mp4,"**MANN.SUNDAR.EP.1385.240p.****#DangalPlay****.WEB-DL.****#Hindi****.AAC2.0.H.264.****@IncognitoTelevision****.mp4

⚡️ Join & Share ****@IncognitoTelevision**** Now ⚡️**",9,2025-10-08 02:29:19,No audio,-,-,-,-,-,-,-,-
https://t.me/c/3059600439,7.10.25,20,https://t.me/c/3059600439/12,12,**MANN.ATISUNDAR.EP.806.360p.****#DangalPlay****.WEB-DL.****#Hindi****.AAC2.0.H.264.****@IncognitoTelevision****.mp4,"**MANN.ATISUNDAR.EP.806.360p.****#DangalPlay****.WEB-DL.****#Hindi****.AAC2.0.H.264.****@IncognitoTelevision****.mp4

⚡️ Join & Share ****@IncognitoTelevision**** Now ⚡️**",8,2025-10-08 02:29:19,No audio,-,-,-,-,-,-,-,-
https://t.me/c/3059600439,7.10.25,20,https://t.me/c/3059600439/11,11,**MANN.ATISUNDAR.EP.806.720p.****#DangalPlay****.WEB-DL.****#Hindi****.AAC2.0.H.264.****@IncognitoTelevision****.mp4,"**MANN.ATISUNDAR.EP.806.720p.****#DangalPlay****.WEB-DL.****#Hindi****.AAC2.0.H.264.****@IncognitoTelevision****.mp4

⚡️ Join & Share ****@IncognitoTelevision**** Now ⚡️**",7,2025-10-08 02:29:19,No audio,-,-,-,-,-,-,-,-
https://t.me/c/3059600439,7.10.25,20,https://t.me/c/3059600439/10,10,**MANN.ATISUNDAR.EP.806.240p.****#DangalPlay****.WEB-DL.****#Hindi****.AAC2.0.H.264.****@IncognitoTelevision****.mp4,"**MANN.ATISUNDAR.EP.806.240p.****#DangalPlay****.WEB-DL.****#Hindi****.AAC2.0.H.264.****@IncognitoTelevision****.mp4

⚡️ Join & Share ****@IncognitoTelevision**** Now ⚡️**",5,2025-10-08 02:29:19,No audio,-,-,-,-,-,-,-,-
https://t.me/c/3059600439,7.10.25,20,https://t.me/c/3059600439/9,9,**Jhanak.S2.E686.Jhanak's.English.Shocks.All.1080p.****#JioHotstar****.WEB-DL.****#Hindi****.AAC2.0.H.264.****@IncognitoTelevision****.mp4,"**Jhanak.S2.E686.Jhanak's.English.Shocks.All.1080p.****#JioHotstar****.WEB-DL.****#Hindi****.AAC2.0.H.264.****@IncognitoTelevision****.mp4

⚡️ Join & Share ****@IncognitoTelevision**** Now ⚡️**",5,2025-10-08 02:29:19,No audio,-,-,-,-,-,-,-,-
https://t.me/c/3059600439,7.10.25,20,https://t.me/c/3059600439/8,8,**Bigg.Boss.S19.E45.BBHin.Day.44.Daayans.Domination.in.Nomination!.1080p.****#JioHotstar****.WEB-DL.****#Hindi****.AAC2.0.H.264.****@IncognitoTelevision****.mp4,"**Bigg.Boss.S19.E45.BBHin.Day.44.Daayans.Domination.in.Nomination!.1080p.****#JioHotstar****.WEB-DL.****#Hindi****.AAC2.0.H.264.****@IncognitoTelevision****.mp4

⚡️ Join & Share ****@IncognitoTelevision**** Now ⚡️**",6,2025-10-08 02:29:19,No audio,-,-,-,-,-,-,-,-
https://t.me/c/3059600439,7.10.25,20,https://t.me/c/3059600439/7,7,**PARO.SANG.DEV.EP.14.PARO.SANG.DEV.EP.14.360p.****#DangalPlay****.WEB-DL.****#Hindi****.AAC2.0.H.264.****@IncognitoTelevision****.mp4,"**PARO.SANG.DEV.EP.14.PARO.SANG.DEV.EP.14.360p.****#DangalPlay****.WEB-DL.****#Hindi****.AAC2.0.H.264.****@IncognitoTelevision****.mp4

⚡️ Join & Share ****@IncognitoTelevision**** Now ⚡️**",6,2025-10-08 02:29:18,No audio,-,-,-,-,-,-,-,-
https://t.me/c/3059600439,7.10.25,20,https://t.me/c/3059600439/6,6,**JHALLEE.EP.79.720p.****#DangalPlay****.WEB-DL.****#Hindi****.AAC2.0.H.264.****@IncognitoTelevision****.mp4,"**JHALLEE.EP.79.720p.****#DangalPlay****.WEB-DL.****#Hindi****.AAC2.0.H.264.****@IncognitoTelevision****.mp4

⚡️ Join & Share ****@IncognitoTelevision**** Now ⚡️**",6,2025-10-08 02:29:18,No audio,-,-,-,-,-,-,-,-
https://t.me/c/3059600439,7.10.25,20,https://t.me/c/3059600439/5,5,**MANN.SUNDAR.EP.1385.720p.****#DangalPlay****.WEB-DL.****#Hindi****.AAC2.0.H.264.****@IncognitoTelevision****.mp4,"**MANN.SUNDAR.EP.1385.720p.****#DangalPlay****.WEB-DL.****#Hindi****.AAC2.0.H.264.****@IncognitoTelevision****.mp4

⚡️ Join & Share ****@IncognitoTelevision**** Now ⚡️**",5,2025-10-08 02:29:18,No audio,-,-,-,-,-,-,-,-
https://t.me/c/3059600439,7.10.25,20,https://t.me/c/3059600439/4,4,**Jhanak.S2.E686.Jhanak's.English.Shocks.All.240p.****#JioHotstar****.WEB-DL.****#Hindi****.AAC2.0.H.264.****@IncognitoTelevision****.mp4,"**Jhanak.S2.E686.Jhanak's.English.Shocks.All.240p.****#JioHotstar****.WEB-DL.****#Hindi****.AAC2.0.H.264.****@IncognitoTelevision****.mp4

⚡️ Join & Share ****@IncognitoTelevision**** Now ⚡️**",8,2025-10-08 02:28:58,No audio,-,-,-,-,-,-,-,-
https://t.me/c/3059600439,7.10.25,20,https://t.me/c/3059600439/3,3,**MANN.SUNDAR.EP.1385.360p.****#DangalPlay****.WEB-DL.****#Hindi****.AAC2.0.H.264.****@IncognitoTelevision****.mp4,"**MANN.SUNDAR.EP.1385.360p.****#DangalPlay****.WEB-DL.****#Hindi****.AAC2.0.H.264.****@IncognitoTelevision****.mp4

⚡️ Join & Share ****@IncognitoTelevision**** Now ⚡️**",9,2025-10-08 02:28:58,No audio,-,-,-,-,-,-,-,-
https://t.me/c/3059600439,7.10.25,20,https://t.me/c/3059600439/1,1,No title,No description,0,2025-10-08 02:25:00,No audio,-,-,-,-,-,-,-,-
